emplid_ID,GPA,CREDITS,DEGREE
23906511,3.401,120,BS
24151021,3.88,174,BE
24058480,3.723,168,BA
24058754,3.977,130,BA/MA
23644150,3.203,186,BS
23740788,2.96,159.5,BS
14095746,2.879,98,BS
24206442,2.847,116,BA
24038137,3.885,123,BA
16048143,3.792,125,BA/MA
23872268,3.576,123,BA/MA
24212435,3.75,120,BA
23844633,3.828,130,BA
24010924,3.648,120,BA
23407957,2.639,122,BA
24274667,,,
24161789,3.741,127,BA/MA
24105404,3.879,133,BA/MA
24136888,3.83,135,BA/MA
24275553,3.526,120,BA
24184079,3.536,120,BA
24405762,3.366,57,BA
24308217,3.903,143,BS
24130631,3.606,134,BA/MA
24108457,3.418,122,BA
24264044,3.6,30,BE
24040291,3.226,122,BA
24251712,3.369,51,BS
23141159,2.191,129,BS
24450488,3.185,95,BA
23789014,3.112,119,BA
24051319,3.984,167,BA/MA
24355614,,,
23943536,3.113,120,BA
24023890,3.551,130,BA/MA
24012694,3.576,132,BA/MA
24130675,3.713,130,BA/MA
23259244,3.188,159,BA/MA
16046772,2.523,120,BS
24134066,3.657,168,BS
24007183,3.931,130,BA/MA
24265336,4,143,BA/MA
24440214,3.717,98,BS
24204144,3.838,121,BA
23966914,3.818,146,BS
23990732,3.274,129,BA/MA
23720336,3.229,136,BS
23845445,3.789,131,BA/MA
24315296,3.915,116,BA/MA
13010232,3.5,24,MPA
24273264,3.867,128,BA/MA
15267133,3.575,30,MPA
14096885,3.842,30,MPA
23199507,3.457,30,MPA
24180078,3.774,115,BA/MA
24114914,3.814,138,BA/MA
23727433,3.572,24,MPA
23959728,3.216,124,BA
23875531,3.657,130,BA/MA
24421928,2.729,72,BSED
24105167,3.398,175,BA
24171577,3.908,130,BA/MA
23967011,3.987,123,BS
23860181,3.188,120,BA
24172651,3.806,130,BA/MA
24145011,0,0,NON-DEGREE
24042890,3.605,130,BA/MA
24439553,2.781,86,BS
24155343,3.984,122,BS
23051044,3.292,139,BA
24286973,2.908,82,BA
24266743,3.248,100,BS
24385355,3.928,118,BA
24402127,3.047,68,BS
23992708,3.405,131,BS
24349007,2.33,86,BA
15209800,3.95,156,BA
24057006,3.229,104,BA
23519810,3.61,130,BA/MA
24165920,2.772,99,BA
24221670,0.25,3,BA
23930826,2.107,115,BA
24295783,3.068,62,BE
24134711,3.31,122,BA
24030905,3.478,120,BA
24327300,2.611,63,BA
24220575,3.272,121,BA
23923644,2.539,33,BA
24283581,2.871,119,BA
23638291,3.152,111,BA
24281030,0,0,BA
24214990,2.25,78,BA
24329530,2.597,94,BA
24288804,1.67,24,BA
24324608,2.235,64,BE
24302939,3.06,15,BA
24113217,2.237,97,BA
24311671,1,6,BS
24292381,2.039,92,BA
24305488,2.433,79,BA
24281007,2.7,27,BA
24285071,3.116,117,BA
24573905,3.95,36,BA
24399006,1.616,15,BA
24492127,3.669,45,BA
24448828,2.246,52,BS
24413806,2.478,75,BA
24427836,3.902,74,BA
24514062,3.05,18,BA
24266217,2.633,68,BA
24414230,3.675,12,BA
24485361,2.09,43,BA
23979182,2.085,60,BA
24145758,2.238,64,BA
24063308,3.497,58,BA
24339096,1.77,21,BA
24277251,2.286,78,BA
23901652,3.11,145,BA/MA
24316982,2.25,9,BA
24434830,3.2,54,BA
24509531,3.98,88,BS
24177950,2.256,106,BA
24323049,2.069,42,BA
24368622,3.825,95,BA/MA
24190528,3.224,119,BSED
24159994,3.076,126,BA/MA
24019431,3.793,120,BA
24206724,3.151,121,BA
24164226,3.684,121,BA
24185849,2.897,83,BA
24271463,3.651,111,BA/MA
23918172,3.563,138,BA/MA
24354092,3.381,84,BA
24159173,3.667,122,BA
23812213,3.918,120,BA
24155283,3.014,121,BA
24162846,2.8,121,BS
24243440,3.635,111,BS
24019656,3.614,132,BA/MA
24276405,3.562,121,BA
23998101,3.402,130,BA/MA
24083173,2.759,123,BA
24295335,2.519,86,BA
15304902,3.868,124,BA
23742524,,,
24036436,3.891,122,BS
24138816,4,122,BA
24130332,3.412,122,BA
23501452,2.59,148,BS
23589849,3.031,120,BA
24108184,3.6,95,BA
24061877,2.238,83,BA
24190506,3.403,120,BA
23164108,2.34,127,BA
24406279,2.71,96,BA
24055457,3.668,127,BS
23956823,3.821,130,BA/MA
24177677,3.809,130,BA/MA
24416173,3.639,141,BS
24219923,3.485,135,BA/MA
24038946,3.035,123,BS
23944631,3.453,136,BA/MA
23835284,3.835,117,BA
24271217,3.783,120,BA
24195835,2.583,120,BA
24229148,3.574,102,BA
24206447,3.346,126,BA/MA
23920333,3.568,120,BA
24419686,1.97,65,BA
23917200,3.264,120,BS
24172138,2.708,44,BA
24187800,2.773,147,BA
24266856,3.794,116,BA
24167922,3.327,122,BA
24164421,3.05,109,BS
24042459,3.637,121,BA
23542338,2.981,120,BA
24107204,2.627,86,BA
24069127,3.502,125,BS
24459989,3.796,62,BA
24378063,3.593,80,BA
24298919,3.748,124,BA
23659703,2.847,123,BS
23749620,2.459,125,BA
23936292,3.344,127,BS
23918902,3.81,30,MS
24197548,3.276,120,BS
24453023,3.49,50,BA
24195841,3.33,125,BA
24279766,2.986,121,BS
24064678,3.461,139,BS
24300077,3.788,124,BA
24135785,4,116,BA
24135624,3.803,109,BA
24133341,3.696,156,BA
24114405,3.212,120,BS
24211957,3.89,120,BA
24108844,3.4,49,BA
24571979,3.365,39,BA
23961355,3.781,124,BA
24286544,3.652,118,BA
24159783,3.75,121,BA
24088873,3.014,122,BA
24449366,3.764,42,BS
24254148,3.068,126,BA
24035117,3.079,120,BA
24393206,2.972,81,BA
24366640,3.319,71,BA
24062359,3.85,6,MA
24426363,2.71,83,BA
24281158,3.696,124,BA
24298822,3.455,148,BS
24435256,3.304,69,BS
24403000,3.508,92,BA
24420074,1.846,33,BA
24406217,3.025,68,BA
24198814,3.572,131,BS
23838765,3.834,122,BS
24423705,2.815,82,BA
24181888,3.271,100,BA
24285294,3.141,60,BA
24163541,3.324,122,BA
24072781,3.293,123,BS
23980693,3.267,120,BS
24408079,3.484,89,BA/MA
24155392,2.39,43,BA
24316215,3.176,111,BA
24246043,3.488,51,BA
24331243,3.509,96,BBA
24134112,3.606,101,BA
24149952,2.51,127,BA
24169031,2.345,108,BA
24099058,3.232,154,BA
24192963,2.241,121,BA
24441996,3.517,134,BS
24407159,3.628,74,BA
24509397,2.882,43,BS
24032150,3.828,125,BA
24346245,3.363,122,BA
24298202,3.324,97,BA
23954109,2.425,94,BA
24292149,2.971,107,BA
24452008,2.825,36,BA
24434919,2.721,51,BBA
24236462,3.136,97,BARCH
24446696,3.909,63,BS
24073704,3.897,120,BA
24431043,3.166,18,BA
24291559,3.349,120,BA
24193446,2.907,105,BSED
24451466,3.877,103,BM
24415107,3.616,105,BA/MA
23239329,3.085,120,BA
24355014,3.764,118,BA
24317597,3.566,104,BA
23995113,3.271,124,BA
24346643,3.308,81,BE
24181965,2.798,96,BA
24133342,2.923,114,BARCH
24247760,3.2,100,BS
24172707,2.562,117,BA
24050595,3.57,120,BA
24330289,4,137,BS
24233261,,,
24089732,2.54,41,BA
24154597,3.695,119,BS
24453927,2.884,65,BA
24277702,3.118,87,BSED
24301517,3.702,98,BA/MA
23659691,3.24,120,BA
24312944,3.47,90,BA
24307886,3.925,24,BE
23058599,,,
24184730,3.846,121,BA
16119360,2.974,123,BA
24273715,2.847,125,BS
24282098,3.686,114,BA
24397982,2.54,51,BA
24462447,3.59,78,BARCH
24084829,1.741,124,BS
24370091,1.892,47,BA
24064219,3.665,129,BS
24303494,3.487,71,BFA
24222336,3.535,114,BS
24281314,3.028,50,BE
24368493,2.866,94,BS
23862456,3.408,124,BA
24094904,1.915,108,BA
24435809,2.511,27,BA
24071327,3.176,121,BA
24403632,1.754,39,BS
24447983,2.67,51,BA
24165838,2.132,61,BS
24300915,3.278,73,BA
24306891,2.623,48,BA
24431649,3.324,84,BS
24029323,2.833,122,BA
24426307,3.107,87,BS
24439597,3.62,63,BSED
23923788,3.679,120,BA
23956707,2.803,123,BS
24451799,3.31,30,BE
24275502,3.961,120,BS
24299450,2.965,104,BA
24458868,3.126,92,BA
24400980,3.37,38,BA
24483752,3.552,87,BA
24402780,2.537,21,BE
24127957,3.101,141,BS
24457443,2.87,51,BA
23601928,2.344,121,BA
24012097,3.863,131,BA
24041175,3.56,84,BA
24035141,3.951,120,BA
24134106,3.173,121,BS
24485127,3.803,124,BA
24137719,3.154,98,BA
24108405,3.747,122,BS
24328550,3.765,108,BS
24199104,2.582,118,BA
24203891,3.503,52,BA
24137296,3.762,103,BA
24433008,3.089,77,BS
24022899,3.278,138,BS
23911077,3.434,128,BA
23998986,2.935,121,BS
24015870,3.212,120,BA
24190789,2.715,134,BS
24278937,3.811,98,BA/MA
24128239,,,
24108859,2.568,86,BA
24503132,3.351,37,MA
24058221,3.981,120,BS
23762347,3.155,121,BA
24174284,3.233,122,BA
24035127,3.274,121,BS
24186614,3.415,121,BS
23492929,3.7,93,BS
24343964,3.877,122,BA
24029739,3.298,125,BA
24172407,2.617,124,BS
23466128,3.333,99,BS
24572491,1.925,16,BA
24591274,3.364,89,BS
24177726,3.676,132,BA
24352349,3.204,93,BS
24567190,3.9,82,BS
24547711,3.614,21,BE
24209825,3.876,131,BS
24241184,3.099,128,BS
24132676,3.647,121,BA
24297026,3.92,134,BS
24547201,2.566,33,BS
24284425,3.189,69,BS
24576289,3.55,114,BS
24625313,3.381,101,BA
24433407,0,3,BS
24549338,4,55,BBA
24383512,3.838,66,BE
24521327,3.732,25,BA
24492143,3.628,64,BA
24044589,3.228,121,BS
24420262,3.016,31,BA
24545381,3.761,97,BS
23980174,3.302,120,BA
24569864,3.45,80,BS
24396125,2.432,42,BA
24532176,3.461,91,BS
24605226,3.958,76,BS
24417277,2.857,72,BSED
24427737,3.5,48,BA
23490894,2.971,115,BS
23911725,2.495,130,BS
24339573,3.249,123,BS
24174433,3.436,129,BS
24413374,3.862,95,BS
24535497,3.455,51,BA
24523112,2.655,68,BE
24307591,3.874,126,BE
24522682,3.416,75,BA
24397357,3.494,85,BA
24512263,3.111,63,BS
24529122,2.65,55,BE
24599794,3.042,55,BS
23964685,2.663,122,BA
24441237,,,
24315404,4,120,BS
24448169,2.91,53,BS
24578700,4,63,BS
24592340,3.711,57,BS
24526118,3.175,21,BA
24152934,2.006,25,BA
24094908,3.585,84,BA
24477003,3.337,61,BS
24550553,2.333,15,BA
24594837,3.492,71,BS
24586060,4,96,BA
24504058,3.47,62,BA
24283815,3.048,104,BA
24620851,3.454,57,BA
24488502,3.223,66,BE
24318339,2.645,49,BA
24265992,3.5,121,BS
24542217,2.96,39,BA
24232303,3.46,64,BE
24525200,3.633,60,BS
24592462,3.625,58,BE
23262772,3.903,120,BA
24558267,3.822,40,BE
24445449,3.004,66,BS
24448240,3.964,55,BA
24318443,4,12,BS
24365015,3.593,66,BE
24375857,3.586,72,BE
24387825,2.877,67,BA
24314307,2.96,30,BA
24067690,3.731,105,BA
24525664,3.916,62,BA
23965625,3.533,120,BS
24066764,3.533,75,BA
24544204,3.593,61,BS
24553273,2.366,59,BE
24432912,3.552,52,BS
24544666,3.79,62,BA
23790458,3.085,114,BS
24450059,,,
24219441,,,
24233464,2.84,90,BA
24409962,3.763,65,BA
24198084,3.316,123,BS
24252310,3.422,60,BE
24577040,3.283,18,BS
24426331,2.337,51,BS
24570974,3.966,52,BS
24361692,3.44,69,BE
24359092,3.396,58,BS
24561549,3.45,56,BA
24314225,3.825,24,BA
24318406,2.789,66,BA
24318397,3.107,74,BS
24523409,2.777,51,BE
24333258,2.727,95,BA
24417041,3.008,67,BS
24409348,1.808,46,BA
24020747,2.3,72,BA
24361967,3.92,72,BE
24556270,3.037,42,BA
24564409,3.075,60,BE
24527412,3.75,58,BSED
24304758,3.4,126,BA
24101371,3.11,47,BS
24512572,1.333,3,BS
24521723,3.577,68,BA
24334822,3.433,100,BA
24528066,3.677,68,BS
24518972,3.608,59,BE
24586170,1.716,24,BA
23760247,3.426,120,BA
24327283,3.553,106,BA
24525234,3.912,54,BA
24306434,3.685,124,BS
23956988,2.664,120,BA
24590664,2.888,45,BA
24332562,2.884,70,BA
24539514,3.757,63,BS
24427677,3.315,89,BA
24508229,3.75,15,BA
24182097,2.679,115,BA
24360417,4,68,BA
24595566,2.758,35,BE
24432917,3.475,66,BSED
24263511,1.25,45,BA
24536105,3.107,52,BA
24480567,3.453,120,BA
24550481,3.342,43,BE
24448912,1.614,29,BA
24527401,3.581,58,BA
24368264,2.925,61,BFA
24293510,4,136,BA
24400981,3.553,61,BE
24554083,3.61,30,BA
24553700,3.833,18,BA
23805195,3.596,120,BA
24488733,3.251,58,BA
24326473,3.716,81,BA
24585479,3.451,46,BE
24550867,3.422,61,BA
24604218,2.7,48,BA
24434574,3.112,85,BFA
24292524,3.348,70,BA
24619857,3.533,70,BA
24365498,3.233,68,BA
24245577,4,12,BA
24525823,3.925,43,BA
24393532,2.837,64,BA
24154756,3.082,83,BA
12057307,2.928,121,BA
24373663,3.666,63,BA
24570918,2.716,18,BA
24529998,3.416,72,BM
24342656,3.711,69,BA
24471701,3.976,67,BA
24001409,3.038,126,BS
24271455,2.327,65,BE
24342565,,,
24398459,3.35,33,BA
24582166,3.572,66,BE
24543300,3.362,63,BA
24085978,3.385,30,BA
24318954,3.645,64,BE
24523009,3.087,54,BA
24392944,3.364,70,BA
24276873,3.104,87,BA
24536411,3.928,58,BA
24136789,3.128,92,BS
24427446,3.285,66,BS
14243726,3.354,164,BS
24537381,2.51,40,BE
24423697,3.225,56,BA
24547139,3.8,48,BA
24616159,3.376,65,BS
24507185,3.077,27,BS
24274812,3.141,99,BE
24552966,3.185,49,BS
24548862,3.588,52,BARCH
15098334,,,
24347040,3.01,30,BE
24048156,3.52,93,BS
24024695,3.54,31,BE
24541251,3.461,60,BA
24446693,2.222,50,BS
24369232,3.716,55,BA
24525159,,,
24236087,3.488,109,BA
24261005,2.3,30,BS
24519800,3.625,54,BA
24533361,1.822,30,BS
24526947,2.177,40,BA
24307826,3.651,99,BA
24493726,3.3,48,BA
24446668,3.13,74,BE
24534752,2.488,34,BE
24272672,3.122,59,BA
24166837,3.075,63,BA
24382503,2.075,35,BE
24384637,2.9,42,BE
24392792,3.528,39,BA
24430656,2.975,56,BE
24270973,2.667,58,BA
24602017,2.444,41,BE
24069284,2.932,129,BA
24546524,2.477,37,BA
24549699,3.537,51,BS
24275387,2.996,120,BA
24292545,3.423,157,BS
24551041,3.477,65,BA
24595349,2.12,33,BA
24603173,3.675,12,BA
23629886,3.433,9,BA
24150303,3.639,133,BA/MA
23719032,2.758,113,BA
24589933,2.975,45,BA
24326920,3.472,116,BA
24217733,3.217,111,BA
24293614,2.307,106,BA
24536705,3.282,57,BS
24017889,3.34,122,BS
24398579,3.337,46,BA
23099789,2.468,161,BS
24246720,2.42,92,BA
24056568,3.651,116,BSED
24282246,3.388,122,BA
24219594,3.874,91,BA
24564612,4,82,BA
24228990,3.97,121,BA
24448039,0.74,36,BS
24530349,3.6,43,BA
24535754,3.837,59,BA
24393009,3.922,63,BA
24369408,3.385,37,BS
24396446,3.7,91,BA
24365291,3.636,98,BA