User Unique ID,Training Title,Training Locator Number,Training Start Date
42060da9-73c6-481e-a122-04766fca366c,Understanding and Undoing Implicit Bias (Virtual ILT),12030,1/13/22 9:15
4396bd4e-211b-49e1-ae47-2435ec5d6db4,Understanding and Undoing Implicit Bias (Virtual ILT),12030,1/13/22 9:15
ae5df31c-9f4e-446a-8982-158132ce6941,Understanding and Undoing Implicit Bias (Virtual ILT),12030,1/13/22 9:15
38e44e8b-d136-43ae-a55a-ae2f9b9e9c0b,Understanding and Undoing Implicit Bias (Virtual ILT),12030,1/13/22 9:15
97a4ce75-75d4-44ce-b6c6-293747a017c9,Understanding and Undoing Implicit Bias (Virtual ILT),12030,1/13/22 9:15
44ab0ec1-17eb-42af-89f7-19a335085ccd,Understanding and Undoing Implicit Bias (Virtual ILT),12030,1/13/22 9:15
912d88ee-7a5b-4461-9810-f6a9cb93ec04,Understanding and Undoing Implicit Bias (Virtual ILT),12030,1/13/22 9:15
5250ff93-e6bb-4a2b-8cad-464ef788d844,Understanding and Undoing Implicit Bias (Virtual ILT),12030,1/13/22 9:15
4b9c5e9f-74d9-49b7-97a7-32986e076e62,Understanding and Undoing Implicit Bias (Virtual ILT),12030,1/13/22 9:15
5a6bc8fc-9b84-484a-b888-b8d04ca5721b,Understanding and Undoing Implicit Bias (Virtual ILT),12030,1/13/22 9:15
9844491a-0573-45ba-9a82-931feae945b2,Understanding and Undoing Implicit Bias (Virtual ILT),12030,1/13/22 9:15
9f74e1c2-0b7f-4dee-a8e0-2c1eaa510ca0,Understanding and Undoing Implicit Bias (Virtual ILT),12030,1/13/22 9:15
59587caf-19f5-4ed6-8050-7e8ccc4ee2c4,Understanding and Undoing Implicit Bias (Virtual ILT),12030,1/13/22 9:15
42ddd9b0-e6ef-4c67-893e-02a1f0c5e276,Understanding and Undoing Implicit Bias (Virtual ILT),12030,1/13/22 9:15
f50c3f04-57b1-44c2-9d72-5fef04461d74,Understanding and Undoing Implicit Bias (Virtual ILT),12030,1/13/22 9:15
3d089c74-f837-416c-8a0f-1fcfbd353750,Understanding and Undoing Implicit Bias (Virtual ILT),12031,1/25/22 9:15
37a47abf-aab6-45b0-bdef-06cf8db640cc,Understanding and Undoing Implicit Bias (Virtual ILT),12031,1/25/22 9:15
0c766ba9-7666-49a0-a4e2-0f1add2e5804,Understanding and Undoing Implicit Bias (Virtual ILT),12031,1/25/22 9:15
ce6eae15-532e-43fa-b1a9-9f4334da2d36,Understanding and Undoing Implicit Bias (Virtual ILT),12031,1/25/22 9:15
508b06f0-b37a-4c51-93c3-5683b338a16f,Understanding and Undoing Implicit Bias (Virtual ILT),12031,1/25/22 9:15
b4af18ed-b7f3-4335-bf1b-5bfa4fd7cbf0,Understanding and Undoing Implicit Bias (Virtual ILT),12031,1/25/22 9:15
d2d4d0cc-97dc-40a9-8350-4e089eb21cf0,Understanding and Undoing Implicit Bias (Virtual ILT),12031,1/25/22 9:15
c27b118c-386d-40c9-8be0-1bdb4a3dea26,Understanding and Undoing Implicit Bias (Virtual ILT),12031,1/25/22 9:15
2e2031ca-a076-4015-bbdf-c14312f79434,Understanding and Undoing Implicit Bias (Virtual ILT),12031,1/25/22 9:15
06a10fd8-8991-4e91-84a3-10ed0ea1553a,Understanding and Undoing Implicit Bias (Virtual ILT),12032,1/27/22 9:15
3f6918fe-3370-40eb-b483-dc06a6141f3d,Understanding and Undoing Implicit Bias (Virtual ILT),12032,1/27/22 9:15
59a0a357-a891-4e95-831d-b65a061e24ad,Understanding and Undoing Implicit Bias (Virtual ILT),12032,1/27/22 9:15
3b361be3-ae04-4b3d-acec-1f8077cbf1a7,Understanding and Undoing Implicit Bias (Virtual ILT),12032,1/27/22 9:15
87a12a29-3a6a-4c76-a72e-a303a82b95ee,Understanding and Undoing Implicit Bias (Virtual ILT),12032,1/27/22 9:15
cb9e7ecb-81a8-4722-9c04-fe6af08f416d,Understanding and Undoing Implicit Bias (Virtual ILT),12032,1/27/22 9:15
9391a1c4-ea2f-4997-b4c1-700dbec6bcc6,Understanding and Undoing Implicit Bias (Virtual ILT),12032,1/27/22 9:15
cb20effd-fa9a-4c31-a47e-9317c65a5589,Understanding and Undoing Implicit Bias (Virtual ILT),12032,1/27/22 9:15
94dc39d9-34c9-42a8-b83a-a1dc2aa3167c,Understanding and Undoing Implicit Bias (Virtual ILT),12032,1/27/22 9:15
a07bc9c5-e040-4c91-9aca-e9cb12db4f8f,Understanding and Undoing Implicit Bias (Virtual ILT),12032,1/27/22 9:15
77d60a6a-c3d3-4ad0-bb25-49c643f902b6,Understanding and Undoing Implicit Bias (Virtual ILT),12032,1/27/22 9:15
44b618e2-0baf-45a8-a75f-d10a02da78f0,Understanding and Undoing Implicit Bias (Virtual ILT),12032,1/27/22 9:15
e01e4bba-d83c-4699-8ae4-eb8c3e238ff1,Understanding and Undoing Implicit Bias (Virtual ILT),12033,1/31/22 9:15
ac12cb97-f706-4adf-b5f1-f573e71db748,Understanding and Undoing Implicit Bias (Virtual ILT),12033,1/31/22 9:15
9c8c4155-173e-4509-9238-cf3541f0427b,Understanding and Undoing Implicit Bias (Virtual ILT),12033,1/31/22 9:15
3c10f549-afb6-4e9f-9e02-702f6c6aa87c,Understanding and Undoing Implicit Bias (Virtual ILT),12033,1/31/22 9:15
c544c1be-c9b1-473c-8f55-7da1140163b6,Understanding and Undoing Implicit Bias (Virtual ILT),12033,1/31/22 9:15
4133fd45-5809-47d3-bc19-31f004d27772,Understanding and Undoing Implicit Bias (Virtual ILT),12033,1/31/22 9:15
95be528e-a7c5-4146-bcb2-db0b1200b96b,Understanding and Undoing Implicit Bias (Virtual ILT),12033,1/31/22 9:15
d13292b9-7082-4510-a134-b6724c91b2d1,Understanding and Undoing Implicit Bias (Virtual ILT),12033,1/31/22 9:15
c577b068-ce0e-4653-a653-be9b0ff40d98,Understanding and Undoing Implicit Bias (Virtual ILT),12033,1/31/22 9:15
03c117c9-066a-4ed4-be19-40ab2fe0fcb0,Understanding and Undoing Implicit Bias (Virtual ILT),12033,1/31/22 9:15
014ff0bb-5508-48c0-afb6-c04948a378f2,Understanding and Undoing Implicit Bias (Virtual ILT),12033,1/31/22 9:15
01807d7d-0e63-4364-bebc-cae58af6d242,Understanding and Undoing Implicit Bias (Virtual ILT),12033,1/31/22 9:15
6beb16e2-0169-448c-ad6e-ea9a1854e9c6,Understanding and Undoing Implicit Bias (Virtual ILT),12033,1/31/22 9:15
9bc9ade3-6e5a-4078-a493-fc43091c0c4b,Understanding and Undoing Implicit Bias (Virtual ILT),12033,1/31/22 9:15
e3232177-813f-4579-b233-f96c01a0b5ab,Understanding and Undoing Implicit Bias (Virtual ILT),12033,1/31/22 9:15
77c5ec82-9ace-415a-887f-a90310eb04d6,Understanding and Undoing Implicit Bias (Virtual ILT),12033,1/31/22 9:15
b22b1707-030d-407b-a6c1-96e83132a610,Understanding and Undoing Implicit Bias (Virtual ILT),12033,1/31/22 9:15
31b740eb-ed5d-4e4a-b9c5-35c6b7deb15b,Understanding and Undoing Implicit Bias (Virtual ILT),12210,2/2/22 9:15
6121acf0-17ec-4918-9bd9-9f3a20365b08,Understanding and Undoing Implicit Bias (Virtual ILT),12210,2/2/22 9:15
03f9f9b2-6e24-4e67-b274-e0321d3b2e12,Understanding and Undoing Implicit Bias (Virtual ILT),12210,2/2/22 9:15
7c77ab2a-acf9-40dc-bdab-8e663c56bf21,Understanding and Undoing Implicit Bias (Virtual ILT),12210,2/2/22 9:15
fd9343d5-9c94-4e92-8be7-b12b0349870d,Understanding and Undoing Implicit Bias (Virtual ILT),12210,2/2/22 9:15
b435b3ec-f861-4152-adcb-6d3d9749e01d,Understanding and Undoing Implicit Bias (Virtual ILT),12210,2/2/22 9:15
44083878-9dbb-40ab-8ef3-e0c44b40b495,Understanding and Undoing Implicit Bias (Virtual ILT),12210,2/2/22 9:15
3b76313d-4154-44a8-a708-df372b6aa6b6,Understanding and Undoing Implicit Bias (Virtual ILT),12210,2/2/22 9:15
e908264e-4f75-4b17-8cf9-e9526fd94370,Understanding and Undoing Implicit Bias (Virtual ILT),12210,2/2/22 9:15
65d5c4dd-a26c-4991-86ec-9d1760abaf08,Understanding and Undoing Implicit Bias (Virtual ILT),12210,2/2/22 9:15
a890702b-be31-4ff3-9e04-f1361226ec8d,Understanding and Undoing Implicit Bias (Virtual ILT),12210,2/2/22 9:15
b4e1b085-faa7-4447-8161-e7ef7efbbdfe,Understanding and Undoing Implicit Bias (Virtual ILT),12210,2/2/22 9:15
8892e340-d6a4-46a8-9c2d-2db760940633,Understanding and Undoing Implicit Bias (Virtual ILT),12210,2/2/22 9:15
25e80732-93b3-491d-b0e7-f69530488570,Understanding and Undoing Implicit Bias (Virtual ILT),12210,2/2/22 9:15
3ae1c1d4-9901-4a88-a9d4-741afb6e6342,Understanding and Undoing Implicit Bias (Virtual ILT),12210,2/2/22 9:15
c3af0fb6-e7e3-433e-98a1-7fcc354e6282,Understanding and Undoing Implicit Bias (Virtual ILT),12211,2/9/22 9:15
ea692674-777a-46ac-8b73-6823bf109579,Understanding and Undoing Implicit Bias (Virtual ILT),12211,2/9/22 9:15
0829ec1d-2038-4658-89b0-7fda756d9741,Understanding and Undoing Implicit Bias (Virtual ILT),12211,2/9/22 9:15
0bbf9ca5-032a-4cc3-840d-ddea598a037b,Understanding and Undoing Implicit Bias (Virtual ILT),12211,2/9/22 9:15
9ab7ce47-be4a-4858-b253-05f8226411f7,Understanding and Undoing Implicit Bias (Virtual ILT),12211,2/9/22 9:15
6add3f3a-2cf4-4913-ac23-8f29439009c7,Understanding and Undoing Implicit Bias (Virtual ILT),12211,2/9/22 9:15
fd0d1d11-6083-4b1c-93e0-8ccfb67cfa98,Understanding and Undoing Implicit Bias (Virtual ILT),12211,2/9/22 9:15
9dea86c0-cde2-462d-875a-db33d4e3cbc7,Understanding and Undoing Implicit Bias (Virtual ILT),12211,2/9/22 9:15
96986cee-22a5-4d71-b4ca-f0d50eaec290,Understanding and Undoing Implicit Bias (Virtual ILT),12211,2/9/22 9:15
892928ee-4632-4b14-80b3-c4dcbc8f6e20,Understanding and Undoing Implicit Bias (Virtual ILT),12211,2/9/22 9:15
ce7fec69-4452-4295-a453-08dcef42e835,Understanding and Undoing Implicit Bias (Virtual ILT),12211,2/9/22 9:15
db8b278c-f21a-431d-bf59-c2faca46b159,Understanding and Undoing Implicit Bias (Virtual ILT),12211,2/9/22 9:15
9d5c6b8f-c751-4fbf-9cf6-ee9ed13a2a7f,Understanding and Undoing Implicit Bias (Virtual ILT),12211,2/9/22 9:15
d9f65645-bdc1-40d7-ad28-c08224e560fa,Understanding and Undoing Implicit Bias (Virtual ILT),12211,2/9/22 9:15
8914d1d9-ef97-4c7c-92e3-22b5ec3d5eab,Understanding and Undoing Implicit Bias (Virtual ILT),12211,2/9/22 9:15
8f7fdf40-bfb5-4be0-90a1-0bf85e847a3a,Understanding and Undoing Implicit Bias (Virtual ILT),12211,2/9/22 9:15
bca62d4e-a3ac-473f-9142-cda9122255f2,Understanding and Undoing Implicit Bias (Virtual ILT),12211,2/9/22 9:15
da1b791c-58f9-4e3d-baa0-50ee129f89df,Understanding and Undoing Implicit Bias (Virtual ILT),12211,2/9/22 9:15
5cf6da6f-9da8-4293-8a05-5defd303107d,Understanding and Undoing Implicit Bias (Virtual ILT),12212,2/16/22 9:15
a11f30f5-a109-4b25-ad51-84cfea1406bf,Understanding and Undoing Implicit Bias (Virtual ILT),12212,2/16/22 9:15
a7527387-8d22-45fd-b0f7-ffb6bd305f4a,Understanding and Undoing Implicit Bias (Virtual ILT),12212,2/16/22 9:15
edb5ba64-df72-4ed3-bc0c-0a474d91ae15,Understanding and Undoing Implicit Bias (Virtual ILT),12212,2/16/22 9:15
87d42e84-109c-47be-abc3-9609b7312b5f,Understanding and Undoing Implicit Bias (Virtual ILT),12212,2/16/22 9:15
638fed43-7e76-439e-8566-028e6c1fbf08,Understanding and Undoing Implicit Bias (Virtual ILT),12212,2/16/22 9:15
8d71e38f-2f8a-4a16-ae00-d41372960e33,Understanding and Undoing Implicit Bias (Virtual ILT),12212,2/16/22 9:15
3decbfd4-1d8b-4f29-a390-e3cc1546a95b,Understanding and Undoing Implicit Bias (Virtual ILT),12212,2/16/22 9:15
b6b8648d-39fa-46a3-a069-e631f9d14be6,Understanding and Undoing Implicit Bias (Virtual ILT),12212,2/16/22 9:15
3a88b4e7-b59f-4920-a4ff-4fc737e8f605,Understanding and Undoing Implicit Bias (Virtual ILT),12212,2/16/22 9:15
75f562c2-dd56-4d4e-b92d-ae6db2a02c64,Understanding and Undoing Implicit Bias (Virtual ILT),12212,2/16/22 9:15
a9ea6450-309b-45bf-9782-085b6ec0a3da,Understanding and Undoing Implicit Bias (Virtual ILT),12212,2/16/22 9:15
4fc868a5-9190-4a93-a9ef-97bad4c7b234,Understanding and Undoing Implicit Bias (Virtual ILT),12212,2/16/22 9:15
677fdf4f-6ff7-49c8-8c1e-2dbf9d90df31,Understanding and Undoing Implicit Bias (Virtual ILT),12212,2/16/22 9:15
bb840887-d1a4-45e0-9424-e7d701c50802,Understanding and Undoing Implicit Bias (Virtual ILT),12212,2/16/22 9:15
c92a8d63-8bfe-42ee-ac7e-83e4912fcbd7,Understanding and Undoing Implicit Bias (Virtual ILT),12212,2/16/22 9:15
ebaae192-3e1a-4155-9d5d-f2be86c9cfc6,Understanding and Undoing Implicit Bias (Virtual ILT),12212,2/16/22 9:15
cd0a19d0-b2bd-44a4-a9d5-f00357ed15cf,Understanding and Undoing Implicit Bias (Virtual ILT),12212,2/16/22 9:15
572c45c5-b4a6-4211-8db5-2b159c14467d,Understanding and Undoing Implicit Bias (Virtual ILT),12213,2/23/22 9:15
5ed1706b-8d67-4d7d-8353-26b60cdbf3b8,Understanding and Undoing Implicit Bias (Virtual ILT),12213,2/23/22 9:15
927f3f2a-fe0d-41e9-807c-76b3430782f1,Understanding and Undoing Implicit Bias (Virtual ILT),12213,2/23/22 9:15
49113f18-8adf-4410-bba6-703551223a28,Understanding and Undoing Implicit Bias (Virtual ILT),12213,2/23/22 9:15
9e061f58-f1d8-4993-a5a6-011a25658d34,Understanding and Undoing Implicit Bias (Virtual ILT),12213,2/23/22 9:15
897c8faf-d725-49ad-8efe-56e86c6edbb5,Understanding and Undoing Implicit Bias (Virtual ILT),12213,2/23/22 9:15
e6f6199b-54e6-4676-921d-794f994dde7d,Understanding and Undoing Implicit Bias (Virtual ILT),12213,2/23/22 9:15
7c7c1f6f-12dd-43ec-897d-f2a3248316e1,Understanding and Undoing Implicit Bias (Virtual ILT),12213,2/23/22 9:15
fb80f015-3255-4400-929c-88633325f537,Understanding and Undoing Implicit Bias (Virtual ILT),12213,2/23/22 9:15
dfcf9df8-36a2-4a33-b507-f42dc185e1ee,Understanding and Undoing Implicit Bias (Virtual ILT),12213,2/23/22 9:15
c5890538-6626-4844-a3e7-b78ae6dfcb45,Understanding and Undoing Implicit Bias (Virtual ILT),12213,2/23/22 9:15
ef33e1e0-3979-4328-a513-755356e34920,Understanding and Undoing Implicit Bias (Virtual ILT),12402,3/3/22 9:15
43797410-bf8e-4765-a48c-b6896d7827e4,Understanding and Undoing Implicit Bias (Virtual ILT),12402,3/3/22 9:15
aaa092b8-c708-4de5-8ce7-a0bb5da26149,Understanding and Undoing Implicit Bias (Virtual ILT),12402,3/3/22 9:15
0138acc7-e403-4edd-811c-87900bc14382,Understanding and Undoing Implicit Bias (Virtual ILT),12402,3/3/22 9:15
1973054b-20f8-443f-9927-59272d483373,Understanding and Undoing Implicit Bias (Virtual ILT),12402,3/3/22 9:15
5d262ffd-1f64-4649-b4e2-a470448a092d,Understanding and Undoing Implicit Bias (Virtual ILT),12402,3/3/22 9:15
2626cdcc-5568-41db-9cea-539f7d62ff33,Understanding and Undoing Implicit Bias (Virtual ILT),12402,3/3/22 9:15
ab9647b9-ac6e-4db2-ba5d-9b1cc3f66d25,Understanding and Undoing Implicit Bias (Virtual ILT),12402,3/3/22 9:15
360b071a-0bfa-4e81-9d33-68b087710e0f,Understanding and Undoing Implicit Bias (Virtual ILT),12402,3/3/22 9:15
f1550cbd-0203-4677-9371-5cdff1860189,Understanding and Undoing Implicit Bias (Virtual ILT),12402,3/3/22 9:15
edb2dd7f-cb67-450e-8081-45f0e3285817,Understanding and Undoing Implicit Bias (Virtual ILT),12402,3/3/22 9:15
1bb7b96c-b688-44c6-9155-51e057e2661d,Understanding and Undoing Implicit Bias (Virtual ILT),12402,3/3/22 9:15
1f97e241-1b91-4c5b-bf1e-09b4871e20dd,Understanding and Undoing Implicit Bias (Virtual ILT),12402,3/3/22 9:15
0b938eff-fd5d-43de-a796-b918af7f5469,Understanding and Undoing Implicit Bias (Virtual ILT),12404,3/15/22 9:15
f91eb599-269a-4cbb-8ee6-3fb9b28916e7,Understanding and Undoing Implicit Bias (Virtual ILT),12404,3/15/22 9:15
3be7370b-f151-44cf-9d0c-3b3c76575fb1,Understanding and Undoing Implicit Bias (Virtual ILT),12404,3/15/22 9:15
3acc0d6d-4dbf-4d20-9f50-0332a47eebb1,Understanding and Undoing Implicit Bias (Virtual ILT),12404,3/15/22 9:15
5c3af263-2a0c-4132-b59f-2b1319c2d21a,Understanding and Undoing Implicit Bias (Virtual ILT),12404,3/15/22 9:15
45aea739-83ae-4afd-a76b-5b32165b755e,Understanding and Undoing Implicit Bias (Virtual ILT),12404,3/15/22 9:15
74da7f5a-f40e-4f0d-b1fd-ce1bf20815e4,Understanding and Undoing Implicit Bias (Virtual ILT),12404,3/15/22 9:15
08d47312-62d0-490c-8faf-992383bcccf7,Understanding and Undoing Implicit Bias (Virtual ILT),12404,3/15/22 9:15
9128933c-4a94-4bc4-bcf3-da46ee759b13,Understanding and Undoing Implicit Bias (Virtual ILT),12404,3/15/22 9:15
b79e65cd-eeec-49c6-8323-eba7f817c6cd,Understanding and Undoing Implicit Bias (Virtual ILT),12404,3/15/22 9:15
c144bce0-eb48-4fb8-893f-04343d06abc2,Understanding and Undoing Implicit Bias (Virtual ILT),12404,3/15/22 9:15
7c1fc38c-9062-4aff-9ad6-f3e76734ccaa,Understanding and Undoing Implicit Bias (Virtual ILT),12404,3/15/22 9:15
7ed500aa-8bb4-4611-ba16-f9a7064931c0,Understanding and Undoing Implicit Bias (Virtual ILT),12404,3/15/22 9:15
c19a0e8a-0119-44e4-a408-ffdea762a02c,Understanding and Undoing Implicit Bias (Virtual ILT),12405,3/24/22 9:15
9277f4b6-d9ef-4230-afad-ba2aa23106bc,Understanding and Undoing Implicit Bias (Virtual ILT),12405,3/24/22 9:15
dc716179-0e44-4b0e-ba6a-cf19d16373b3,Understanding and Undoing Implicit Bias (Virtual ILT),12405,3/24/22 9:15
d20be5b2-7507-45ae-8ed8-66bd61981690,Understanding and Undoing Implicit Bias (Virtual ILT),12405,3/24/22 9:15
9eebb747-332f-4925-8a75-c55022b2746b,Understanding and Undoing Implicit Bias (Virtual ILT),12405,3/24/22 9:15
db0dfb92-7210-4238-8199-a235ea2b177c,Understanding and Undoing Implicit Bias (Virtual ILT),12405,3/24/22 9:15
8ca07da8-f0c8-491c-8ff7-3838e96755c8,Understanding and Undoing Implicit Bias (Virtual ILT),12406,3/29/22 9:15
80618c69-215f-461f-9a73-84d84c007946,Understanding and Undoing Implicit Bias (Virtual ILT),12406,3/29/22 9:15
b74230ca-4b1c-4b5c-bd77-ae03334e2c57,Understanding and Undoing Implicit Bias (Virtual ILT),12406,3/29/22 9:15
c67a6076-73ed-49e4-a61b-ff16df27440c,Understanding and Undoing Implicit Bias (Virtual ILT),12406,3/29/22 9:15