SUBNUM,TIKTOK,INATTENTIVE,BaseNeutE1,BaseNeutE2,BaseNeutE3,BaseNeutE4,BaseNeutE5,BaseNeutE6,NeutralNeutE1,NeutralNeutE2,NeutralNeutE3,NeutralNeutE4,NeutralNeutE5,NeutralNeutE6,BaseNegE1,BaseNegE2,BaseNegE3,BaseNegE4,BaseNegE5,BaseNegE6,NeutralNegE1,NeutralNegE2,NeutralNegE3,NeutralNegE4,NeutralNegE5,NeutralNegE6
Sub09 ,LOW,Low,-1.10005,-1.306534,-0.744866,-1.24948,-0.549493,-1.273986,-1.287585,-1.238199,-1.139634,-1.081279,-1.116928,-0.868043,-1.090977,-1.275232,-0.763888,-1.202209,-0.601658,-1.528049,-0.891032,-1.156861,-0.65344,-1.174422,-0.604098,-1.91518
Sub11 ,LOW,Low,-1.2437,-1.327756,-1.143622,-1.384876,-1.07441,-1.05161,-1.326707,-1.339063,-1.234219,-1.401496,-1.145746,-1.352258,-1.39364,-1.402267,-1.28501,-1.45855,-1.163283,-1.428445,-1.324238,-1.377609,-1.218144,-1.427236,-1.11232,-1.412698
Sub15 ,LOW,Low,-1.201444,-1.256498,-1.184926,-1.266213,-1.162424,-1.082275,-1.159068,-1.166413,-1.197127,-1.174971,-1.146768,-1.198247,-1.217006,-1.212601,-1.226849,-1.214462,-1.113982,-1.215229,-1.322165,-1.33128,-1.329135,-1.379944,-1.285805,-1.396183
Sub24 ,LOW,Low,-2.031107,-2.083592,-2.023103,-2.101909,-2.062884,-1.983908,-1.814542,-1.822522,-1.815668,-1.828226,-1.819818,-1.82874,-1.646735,-1.63813,-1.636596,-1.656177,-1.627537,-1.593895,-1.757589,-1.776263,-1.747301,-1.78568,-1.754298,-1.769211
Sub26 ,LOW,Low,-2.096115,-2.179962,-2.053955,-2.222992,-2.133944,-2.035496,-1.513995,-1.563677,-1.346788,-1.464303,-1.451759,-1.380042,-1.509761,-1.469155,-1.475633,-1.549961,-1.389761,-1.507506,-1.705267,-1.714627,-1.65131,-1.691884,-1.684198,-1.692979
Sub32 ,LOW,Low,-1.679059,-1.664762,-1.717757,-1.780579,-1.787522,-1.53357,-1.779839,-1.751643,-1.811806,-1.770596,-1.792669,-1.717529,-1.544321,-1.520475,-1.48965,-1.5414,-1.425437,-1.462304,-1.638111,-1.573746,-1.703586,-1.719432,-1.705847,-1.653049
Sub42 ,LOW,Low,-1.510583,-1.653013,-1.526615,-1.519592,-1.493333,-1.394306,-1.516327,-1.594322,-1.466477,-1.378208,-1.429773,-1.27123,-1.466057,-1.53489,-1.460222,-1.374469,-1.488087,-1.28182,-1.586993,-1.491734,-1.563451,-1.120853,-1.546857,-1.072062
Sub43 ,LOW,Low,-1.690161,-1.675606,-1.594212,-1.622666,-1.539181,-1.55252,-1.794406,-1.806829,-1.731366,-1.759647,-1.673817,-1.650478,-1.593051,-1.630904,-1.531179,-1.56746,-1.513083,-1.505987,-1.803125,-1.78087,-1.721088,-1.703231,-1.67349,-1.620405
Sub44 ,LOW,Low,-1.955152,-2.115324,-2.136254,-2.094282,-2.053645,-2.032765,-1.817889,-2.079045,-2.133742,-2.151971,-2.061175,-2.107946,-1.910562,-2.144236,-2.136255,-2.141217,-2.00886,-2.131789,-1.966807,-2.025125,-2.071179,-2.031388,-1.979309,-2.022306
Sub48 ,LOW,Low,-1.698439,-1.823498,-1.808986,-1.821941,-1.56808,-1.579192,-1.570383,-1.788352,-1.573087,-1.339918,-1.557423,-1.231356,-1.548526,-1.692737,-1.659428,-1.678303,-1.497784,-1.496358,-1.808416,-1.900349,-2.00773,-1.934694,-1.804302,-1.753496
Sub04 ,LOW,High,-1.398861,-1.44249,-1.481033,-1.483515,-1.442725,-1.460839,-1.475677,-1.541389,-1.596242,-1.559755,-1.581441,-1.490004,-1.478737,-1.603229,-1.586444,-1.601776,-1.459211,-1.505045,-1.411197,-1.362591,-1.471925,-1.393123,-1.389106,-1.403864
Sub10 ,LOW,High,-0.992356,-1.030902,-0.924352,-0.996403,-0.783433,-1.023902,-1.04097,-1.06019,-1.018619,-0.981229,-0.903084,-0.981623,-0.851326,-0.885981,-0.785549,-0.807759,-0.609596,-0.679079,-0.89893,-0.896402,-0.863841,-0.8236,-0.693485,-0.816779
Sub21 ,LOW,High,-1.173872,-1.217327,-1.122682,-1.193655,-0.994479,-1.210128,-1.209987,-1.221879,-1.222524,-1.174402,-1.146192,-1.243971,-1.151716,-1.177183,-1.101075,-1.110352,-0.944457,-1.01741,-0.918086,-0.922052,-0.853211,-0.828993,-0.684199,-0.846984
Sub33 ,LOW,High,-1.834733,-1.759172,-1.715361,-1.668356,-1.602556,-1.550988,-1.803955,-1.705762,-1.769903,-1.581813,-1.655846,-1.448294,-1.755486,-1.683934,-1.652853,-1.414507,-1.606679,-1.278049,-1.585986,-1.466009,-1.503437,-1.281516,-1.391182,-1.269683
Sub30 ,LOW,High,-1.048948,-0.832841,-1.008498,-1.047843,-1.143369,-0.931295,-0.799848,-0.690235,-0.780213,-0.867907,-0.821614,-1.086079,-0.996285,-0.920017,-1.012739,-1.10008,-0.99518,-1.143233,-1.123874,-0.980505,-1.197421,-0.783945,-0.624281,-0.51249
Sub39 ,LOW,High,-1.906369,-1.621906,-2.008375,-1.89846,-1.874656,-1.775723,-1.083944,-0.991129,-1.127774,-1.376618,-1.428023,-1.478188,-1.828852,-1.602956,-1.951401,-1.923885,-1.871028,-1.91666,-1.502118,-1.304537,-1.644826,-1.68357,-1.554555,-1.56797
Sub41 ,LOW,High,-0.787925,-0.803745,-0.785677,-0.800482,-0.768002,-0.785719,-0.880686,-0.815723,-0.876051,-0.939159,-0.88114,-0.959631,-0.993315,-1.019143,-1.018857,-1.018381,-0.973605,-0.98472,-0.803292,-0.818664,-0.799523,-0.815753,-0.784027,-0.792373
Sub47 ,LOW,High,-1.397852,-1.125008,-0.942715,-1.061634,-1.025411,-0.648314,-1.093247,-0.973059,-0.982264,-1.196001,-1.147571,-0.774474,-1.527429,-1.456411,-1.228119,-1.252613,-1.299949,-0.744602,-1.086094,-1.066073,-0.801264,-0.971406,-0.847242,-0.543806
Sub49 ,LOW,High,-1.739669,-1.704372,-1.388769,-1.317772,-1.403648,-1.371087,-1.143552,-1.084104,-1.050082,-1.219398,-1.406367,-1.39217,-1.822422,-1.827358,-1.57677,-1.445865,-1.60051,-1.490238,-1.410962,-1.404757,-1.236051,-1.23016,-1.184409,-1.171957
Sub50 ,LOW,High,-1.248455,-1.230979,-1.207448,-1.178127,-1.142377,-1.12956,-1.035672,-0.962248,-0.965358,-1.091111,-1.23762,-1.220554,-1.529349,-1.53446,-1.394686,-1.254391,-1.317738,-1.25494,-1.159617,-1.158315,-1.124931,-1.10222,-1.099432,-1.071999
Sub05 ,HIGH,Low,-1.478353,-1.574471,-1.076554,-1.395203,-1.463046,-1.580333,-1.160394,-1.101959,-1.098862,-1.292446,-1.451087,-1.548576,-1.380272,-1.409251,-0.989474,-1.181975,-1.298037,-1.383028,-1.183249,-1.222879,-0.984239,-1.209094,-1.120146,-1.258115
Sub08 ,HIGH,Low,-1.503096,-1.510374,-1.315095,-1.475161,-1.485904,-1.548817,-1.120618,-1.055913,-1.085907,-1.225164,-1.359592,-1.430393,-1.391033,-1.433009,-1.313055,-1.442786,-1.439735,-1.518936,-1.22594,-1.237389,-1.194511,-1.270649,-1.209501,-1.276007
Sub13 ,HIGH,Low,-1.142699,-1.00071,-0.86601,-0.765324,-1.873078,-2.354106,-1.068999,-0.907949,-0.874125,-0.790167,-1.599311,-2.319565,-1.274442,-1.146509,-1.037099,-0.947547,-1.762559,-2.373171,-1.076212,-1.045285,-0.982066,-0.987772,-1.553966,-2.233916
Sub14 ,HIGH,Low,-1.697246,-1.697688,-1.684205,-1.704336,-1.673779,-1.650178,-1.575151,-1.543586,-1.614775,-1.712488,-1.83566,-2.194138,-1.939426,-1.906451,-1.936025,-1.902151,-1.951357,-2.05818,-1.736199,-1.73556,-1.740659,-1.746181,-1.726365,-2.161209
Sub20 ,HIGH,Low,-1.445975,-1.437806,-1.431684,-1.471969,-1.057334,-1.146293,-1.009586,-0.9256,-1.002325,-1.078004,-1.61167,-2.231476,-1.353877,-1.357873,-1.341483,-1.350303,-1.348674,-1.911829,-1.091518,-1.100488,-1.074417,-1.091258,-1.023805,-2.058617
Sub31 ,HIGH,Low,-1.695584,-1.777595,-1.664796,-1.773958,-1.630216,-1.660637,-1.058618,-1.021963,-1.039378,-1.18049,-1.719542,-2.317622,-1.50648,-1.584002,-1.47292,-1.5363,-1.556435,-2.081299,-1.199037,-1.266083,-1.178348,-1.237775,-1.181316,-2.149218
Sub34 ,HIGH,Low,-1.317303,-1.28242,-1.484626,-1.392959,-1.355281,-1.235464,-1.088093,-0.990876,-1.113262,-1.194273,-1.711572,-2.29149,-1.212585,-1.104143,-1.376104,-1.095888,-1.442881,-1.76006,-1.097256,-1.136909,-1.184777,-1.17352,-1.171782,-2.109429
Sub37 ,HIGH,Low,-1.530188,-1.458461,-1.193939,-1.459807,-1.214136,-1.39969,-1.114985,-1.018713,-1.320189,-1.182289,-1.589882,-2.259057,-1.536002,-1.450114,-1.198274,-1.418327,-1.400513,-2.02092,-1.350362,-1.331653,-1.18922,-1.312303,-1.209901,-2.154771
Sub45 ,HIGH,Low,-1.449711,-1.224935,-1.364972,-1.066843,-0.892272,-0.955814,-1.961903,-1.966382,-1.955818,-1.971579,-1.940379,-2.047162,-1.524008,-1.184536,-1.45164,-1.244953,-1.28477,-1.818008,-1.30031,-1.31574,-1.246862,-1.03719,-1.064382,-1.883012
Sub51 ,HIGH,Low,-1.850727,-1.58917,-1.871138,-1.817298,-1.492958,-1.636785,-1.335604,-1.114469,-1.180282,-1.407948,-1.554738,-2.31649,-1.744014,-1.411089,-1.779342,-1.757288,-1.657031,-2.078215,-1.513222,-1.330689,-1.457552,-1.409442,-1.179753,-2.129934
Sub06 ,HIGH,High,-1.829478,-1.733465,-1.660783,-1.68459,-1.483303,-1.573769,-1.343477,-1.229777,-1.190712,-1.36622,-1.608429,-2.314412,-1.876995,-1.630967,-1.80857,-1.803748,-1.604876,-2.140595,-1.472683,-1.542694,-1.286778,-1.316136,-1.191141,-2.145122
Sub07 ,HIGH,High,-1.872047,-1.749863,-1.740259,-1.71065,-1.442257,-1.490026,-1.327415,-1.21161,-1.165551,-1.353512,-1.649148,-2.331891,-1.948459,-1.809422,-1.760074,-1.716583,-1.683663,-2.124166,-1.284192,-1.476389,-1.229331,-1.259479,-1.184831,-2.14071
Sub17 ,HIGH,High,-0.97161,-0.737686,-1.471183,-1.518566,-1.554509,-1.52952,-0.98935,-0.812429,-1.081812,-1.231323,-1.60195,-2.297335,-1.0904,-0.865048,-1.347266,-1.385247,-1.549248,-2.066811,-0.996788,-0.828103,-1.159227,-1.230083,-1.146772,-1.866642
Sub18 ,HIGH,High,-1.484776,-1.351659,-1.64034,-1.566197,-1.352542,-1.894379,-1.150705,-1.033961,-1.181263,-1.268708,-1.687662,-2.377751,-1.468613,-1.334126,-1.482667,-1.389481,-1.304249,-2.204545,-1.20801,-1.165598,-1.293527,-1.263328,-1.210759,-1.948701
Sub19 ,HIGH,High,-1.819288,-1.804876,-1.747692,-1.840627,-1.674961,-1.853458,-1.182439,-1.080606,-1.101969,-1.372788,-1.510629,-2.45205,-1.65433,-1.680889,-1.582946,-1.672398,-1.687552,-2.291146,-1.351704,-1.355811,-1.257328,-1.346504,-1.217771,-1.954215
Sub27 ,HIGH,High,-1.621463,-1.681215,-1.476559,-1.640271,-1.473888,-1.53242,-1.114724,-1.035261,-1.115589,-1.322133,-1.431398,-2.393434,-1.590607,-1.665797,-1.455329,-1.641693,-1.405465,-2.223466,-1.232332,-1.251062,-1.157468,-1.244568,-1.07957,-1.87862
Sub35 ,HIGH,High,-1.428647,-1.402571,-1.374208,-1.416445,-1.328376,-1.413167,-1.020817,-0.942945,-1.019037,-1.175244,-1.303239,-2.236116,-1.372223,-1.369164,-1.344471,-1.359666,-1.526921,-2.038056,-1.18067,-1.191941,-1.172771,-1.186195,-1.157688,-1.169258
Sub36 ,HIGH,High,-1.662215,-1.543573,-1.351611,-2.109434,-1.194087,-1.483578,-1.207855,-1.098224,-1.142116,-1.372272,-1.449231,-2.409291,-1.693013,-1.494594,-1.607717,-2.241915,-1.496544,-1.531044,-1.385863,-1.328002,-1.291641,-1.320583,-1.179044,-1.253695
Sub38 ,HIGH,High,-1.89266,-1.716492,-1.854731,-1.714197,-1.747879,-1.76443,-1.223263,-1.067802,-1.222183,-1.375765,-1.553236,-2.444989,-1.875703,-1.631945,-1.808907,-2.258616,-1.658201,-1.653242,-1.414912,-1.330356,-1.367041,-1.276398,-1.241595,-1.26426
Sub40 ,HIGH,High,-1.346606,-1.425992,-1.347224,-1.427605,-1.359862,-1.463982,-1.025262,-0.951033,-1.013737,-1.207159,-1.349389,-2.336904,-1.353064,-1.495073,-1.329954,-1.601472,-1.359974,-1.548073,-1.175172,-1.209445,-1.131483,-1.167669,-1.116775,-1.169324