TIKTOK,INATTENTIVE,CongNeutE1,CongNeutE2,CongNeutE3,CongNeutE4,CongNeutE5,CongNeutE6,NeutralNeutE1,NeutralNeutE2,NeutralNeutE3,NeutralNeutE4,NeutralNeutE5,NeutralNeutE6,IncongNeutE1,IncongNeutE2,IncongNeutE3,IncongNeutE4,IncongNeutE5,IncongNeutE6,CongNegE1,CongNegE2,CongNegE3,CongNegE4,CongNegE5,CongNegE6,NeutralNegE1,NeutralNegE2,NeutralNegE3,NeutralNegE4,NeutralNegE5,NeutralNegE6,IncongNegE1,IncongNegE2,IncongNegE3,IncongNegE4,IncongNegE5,IncongNegE6
LOW,Low,-0.783413,-0.999361,-0.578295,-0.917174,-0.635368,-1.993,-1.287585,-1.238199,-1.139634,-1.081279,-1.116928,-0.868043,-1.174457,-1.218108,-0.945275,-1.064223,-0.815996,-1.994098,-1.041528,-1.223197,-0.749554,-1.220802,-0.61391,-1.055503,-0.891032,-1.156861,-0.65344,-1.174422,-0.604098,-1.91518,-1.088801,-1.239071,-0.810113,-1.213579,-0.683235,-2.1934
LOW,Low,-1.365645,-1.3691,-1.282347,-1.429575,-1.16508,-1.371023,-1.326707,-1.339063,-1.234219,-1.401496,-1.145746,-1.352258,-1.342276,-1.351301,-1.257775,-1.410065,-1.198191,-1.363019,-1.332333,-1.390339,-1.221119,-1.420883,-1.142539,-1.423076,-1.324238,-1.377609,-1.218144,-1.427236,-1.11232,-1.412698,-1.361339,-1.412272,-1.254252,-1.447069,-1.18544,-1.50851
LOW,Low,-1.211815,-1.219492,-1.208522,-1.225781,-1.154696,-1.22268,-1.159068,-1.166413,-1.197127,-1.174971,-1.146768,-1.198247,-1.175804,-1.180833,-1.176617,-1.186015,-1.150757,-1.208163,-1.311318,-1.339871,-1.294454,-1.35672,-1.238159,-1.368804,-1.322165,-1.33128,-1.329135,-1.379944,-1.285805,-1.396183,-1.316175,-1.320206,-1.321481,-1.343195,-1.270253,-1.420405
LOW,Low,-2.11777,-2.133583,-2.097326,-2.147146,-2.137774,-2.145378,-1.814542,-1.822522,-1.815668,-1.828226,-1.819818,-1.82874,-1.769561,-1.781902,-1.741831,-1.794306,-1.781482,-1.789313,-1.679355,-1.69891,-1.657778,-1.710172,-1.675692,-1.705514,-1.757589,-1.776263,-1.747301,-1.78568,-1.754298,-1.769211,-1.670033,-1.685249,-1.661416,-1.689549,-1.664832,-1.67632
LOW,Low,-1.60461,-1.649695,-1.468436,-1.671644,-1.579123,-1.632591,-1.513995,-1.563677,-1.346788,-1.464303,-1.451759,-1.380042,-1.610382,-1.661861,-1.457008,-1.684124,-1.580889,-1.66302,-1.169537,-1.237068,-0.987561,-1.31377,-1.071386,-1.113241,-1.705267,-1.714627,-1.65131,-1.691884,-1.684198,-1.692979,-1.604094,-1.665586,-1.513992,-1.918579,-1.577226,-1.659735
LOW,Low,-1.589505,-1.553647,-1.557501,-1.577159,-1.592213,-1.510916,-1.779839,-1.751643,-1.811806,-1.770596,-1.792669,-1.717529,-1.575868,-1.541562,-1.574147,-1.565968,-1.620819,-1.489092,-1.511125,-1.401052,-1.552631,-1.618355,-1.563521,-1.542785,-1.638111,-1.573746,-1.703586,-1.719432,-1.705847,-1.653049,-1.65052,-1.570223,-1.697194,-1.710863,-1.698016,-1.648372
LOW,Low,-1.516992,-1.476713,-1.435414,-1.180637,-1.416908,-1.090334,-1.516327,-1.594322,-1.466477,-1.378208,-1.429773,-1.27123,-1.541222,-1.589018,-1.491568,-1.352766,-1.462664,-1.274887,-1.609254,-1.705283,-1.560482,-1.568015,-1.593527,-1.48868,-1.586993,-1.491734,-1.563451,-1.120853,-1.546857,-1.072062,-1.576472,-1.682125,-1.530129,-1.590714,-1.535294,-1.488739
LOW,Low,-1.758365,-1.759859,-1.671454,-1.739887,-1.628676,-1.668623,-1.794406,-1.806829,-1.731366,-1.759647,-1.673817,-1.650478,-1.809994,-1.801978,-1.729148,-1.752027,-1.672639,-1.667087,-1.776049,-1.781165,-1.689381,-1.740235,-1.663163,-1.688634,-1.803125,-1.78087,-1.721088,-1.703231,-1.67349,-1.620405,-1.752745,-1.756836,-1.667973,-1.716896,-1.626546,-1.663879
LOW,Low,-1.88969,-2.149125,-2.079734,-2.125234,-1.934971,-2.083919,-1.817889,-2.079045,-2.133742,-2.151971,-2.061175,-2.107946,-1.868636,-2.137492,-2.12536,-2.159863,-2.049766,-2.142663,-1.922119,-1.997921,-2.044502,-2.055585,-2.045646,-2.052164,-1.966807,-2.025125,-2.071179,-2.031388,-1.979309,-2.022306,-1.93766,-1.962458,-1.980916,-1.920301,-1.744922,-1.863973
LOW,Low,-1.580261,-1.567695,-1.592156,-1.352727,-1.529345,-1.321269,-1.570383,-1.788352,-1.573087,-1.339918,-1.557423,-1.231356,-1.461327,-1.483249,-1.463574,-1.294523,-1.288696,-1.113285,-1.596881,-1.61888,-1.610766,-1.57576,-1.549788,-1.517526,-1.808416,-1.900349,-2.00773,-1.934694,-1.804302,-1.753496,-1.821011,-1.886512,-1.903553,-1.865231,-1.544943,-1.693593
LOW,High,-1.457363,-1.507272,-1.560686,-1.533056,-1.511378,-1.455969,-1.475677,-1.541389,-1.596242,-1.559755,-1.581441,-1.490004,-1.341592,-1.3679,-1.345139,-1.250652,-1.299737,-1.219045,-1.383384,-1.417927,-1.343997,-1.428931,-1.308637,-1.409984,-1.411197,-1.362591,-1.471925,-1.393123,-1.389106,-1.403864,-1.578563,-1.576276,-1.571165,-1.549964,-1.45124,-1.570662
LOW,High,-0.948295,-0.966596,-0.905714,-0.879455,-0.775342,-0.827129,-1.04097,-1.06019,-1.018619,-0.981229,-0.903084,-0.981623,-0.82695,-0.878382,-0.780978,-0.763441,-0.633042,-0.713349,-0.94837,-0.981826,-0.89213,-0.938973,-0.734526,-0.921127,-0.89893,-0.896402,-0.863841,-0.8236,-0.693485,-0.816779,-1.035884,-1.068798,-0.967971,-0.98865,-0.816971,-1.082868
LOW,High,-1.158613,-1.157378,-1.134521,-1.113948,-1.031951,-1.119484,-1.209987,-1.221879,-1.222524,-1.174402,-1.146192,-1.243971,-1.126851,-1.147759,-1.085401,-1.049008,-0.971446,-1.065391,-0.950768,-0.982544,-0.876858,-0.919675,-0.713727,-0.923524,-0.918086,-0.922052,-0.853211,-0.828993,-0.684199,-0.846984,-1.109882,-1.153179,-1.04132,-1.080931,-0.881306,-1.144931
LOW,High,-1.86641,-1.741558,-1.829046,-1.535699,-1.725572,-1.384251,-1.803955,-1.705762,-1.769903,-1.581813,-1.655846,-1.448294,-1.783197,-1.619797,-1.614174,-1.347098,-1.508762,-1.249291,-1.742549,-1.678087,-1.612423,-1.575154,-1.510625,-1.515567,-1.585986,-1.466009,-1.503437,-1.281516,-1.391182,-1.269683,-1.824517,-1.672918,-1.739666,-1.444466,-1.616658,-1.350415
LOW,High,-1.219154,-1.009487,-1.253719,-1.157925,-1.690678,-1.419299,-0.799848,-0.690235,-0.780213,-0.867907,-0.821614,-1.086079,-1.138076,-0.871505,-1.078349,-0.945968,-1.385282,-1.22747,-0.909241,-0.769891,-0.888649,-0.764237,-0.766869,-0.684171,-1.123874,-0.980505,-1.197421,-0.783945,-0.624281,-0.51249,-0.94776,-0.862294,-0.916967,-0.879397,-0.848766,-0.99433
LOW,High,-1.931851,-1.736856,-2.050168,-2.02079,-2.004043,-2.041324,-1.083944,-0.991129,-1.127774,-1.376618,-1.428023,-1.478188,-1.781803,-1.59888,-1.713208,-1.624014,-1.594586,-1.545469,-1.797194,-1.51337,-1.870978,-1.901362,-1.843118,-1.950529,-1.502118,-1.304537,-1.644826,-1.68357,-1.554555,-1.56797,-1.901868,-1.587481,-1.989419,-1.930351,-1.755849,-1.823132
LOW,High,-0.976359,-0.959432,-1.005291,-0.951512,-0.954624,-0.93776,-0.880686,-0.815723,-0.876051,-0.939159,-0.88114,-0.959631,-0.873457,-0.896518,-0.870016,-0.889756,-0.84591,-0.869822,-1.01622,-1.011122,-1.033072,-1.060336,-0.983229,-0.984705,-0.803292,-0.818664,-0.799523,-0.815753,-0.784027,-0.792373,-1.065497,-1.051837,-1.078952,-1.067594,-1.001048,-1.074593
LOW,High,-1.473475,-1.363044,-0.991023,-1.192237,-1.09843,-0.715929,-1.093247,-0.973059,-0.982264,-1.196001,-1.147571,-0.774474,-1.528433,-1.369151,-1.128139,-1.232299,-1.220527,-0.802517,-1.294672,-1.31366,-0.840074,-1.056969,-0.900749,-0.440467,-1.086094,-1.066073,-0.801264,-0.971406,-0.847242,-0.543806,-1.27787,-1.232219,-0.843846,-1.030348,-0.907862,-0.428264
LOW,High,-1.768284,-1.805443,-1.504484,-1.536327,-1.563245,-1.561201,-1.143552,-1.084104,-1.050082,-1.219398,-1.406367,-1.39217,-1.746299,-1.710954,-1.502897,-1.467115,-1.618404,-1.497768,-1.56702,-1.533934,-1.049516,-1.182762,-1.283129,-1.202395,-1.410962,-1.404757,-1.236051,-1.23016,-1.184409,-1.171957,-1.674349,-1.611043,-1.388055,-1.448678,-1.478198,-1.461466
LOW,High,-1.521783,-1.540762,-1.388967,-1.370884,-1.387943,-1.3768,-1.035672,-0.962248,-0.965358,-1.091111,-1.23762,-1.220554,-1.431024,-1.365683,-1.40466,-1.292356,-1.353668,-1.2566,-1.433645,-1.415577,-1.28929,-1.240167,-1.278459,-1.235905,-1.159617,-1.158315,-1.124931,-1.10222,-1.099432,-1.071999,-1.363602,-1.317985,-1.326052,-1.240143,-1.311558,-1.236607
HIGH,Low,-1.708919,-1.798478,-1.543166,-1.683297,-1.694013,-1.782947,-1.160394,-1.101959,-1.098862,-1.292446,-1.451087,-1.548576,-1.640661,-1.715135,-1.447394,-1.652058,-1.615698,-1.75524,-1.434217,-1.460876,-1.077239,-1.397327,-1.319529,-1.523715,-1.183249,-1.222879,-0.984239,-1.209094,-1.120146,-1.258115,-1.362669,-1.378147,-1.134116,-1.298736,-1.366276,-1.462286
HIGH,Low,-1.46775,-1.498031,-1.455025,-1.494144,-1.487002,-1.56241,-1.120618,-1.055913,-1.085907,-1.225164,-1.359592,-1.430393,-1.414539,-1.439972,-1.386636,-1.474121,-1.446954,-1.533101,-1.53056,-1.535724,-1.341952,-1.534055,-1.505528,-1.65482,-1.22594,-1.237389,-1.194511,-1.270649,-1.209501,-1.276007,-1.473876,-1.455092,-1.394868,-1.539075,-1.500495,-1.611295
HIGH,Low,-1.227318,-1.128332,-0.929998,-0.877396,-2.149611,-2.365728,-1.068999,-0.907949,-0.874125,-0.790167,-1.599311,-2.319565,-1.112999,-1.060113,-1.035612,-0.911998,-1.755887,-2.378323,-1.213651,-1.137731,-0.957584,-0.960792,-1.610908,-2.240722,-1.076212,-1.045285,-0.982066,-0.987772,-1.553966,-2.233916,-1.107921,-0.947841,-0.94934,-0.819807,-1.55794,-2.49512
HIGH,Low,-1.678908,-1.683929,-1.658418,-1.684337,-1.868646,-2.152956,-1.575151,-1.543586,-1.614775,-1.712488,-1.83566,-2.194138,-1.745433,-1.754613,-1.788944,-1.766169,-1.757216,-2.274308,-1.995655,-1.995289,-2.012524,-2.013921,-2.001329,-2.293532,-1.736199,-1.73556,-1.740659,-1.746181,-1.726365,-2.161209,-2.034863,-2.01289,-2.044615,-2.018687,-2.023736,-2.506935
HIGH,Low,-1.210938,-1.202912,-1.057753,-1.129951,-1.872416,-2.170417,-1.009586,-0.9256,-1.002325,-1.078004,-1.61167,-2.231476,-1.132673,-1.145968,-1.15297,-1.142522,-1.503079,-2.293744,-1.254362,-1.23885,-1.204515,-1.239999,-1.054449,-2.200808,-1.091518,-1.100488,-1.074417,-1.091258,-1.023805,-2.058617,-1.292757,-1.219774,-1.265596,-1.221838,-1.212548,-2.610572
HIGH,Low,-1.372833,-1.470957,-1.14004,-1.32799,-1.975826,-2.262799,-1.058618,-1.021963,-1.039378,-1.18049,-1.719542,-2.317622,-1.434726,-1.558701,-1.461145,-1.409058,-1.689149,-2.411386,-1.482422,-1.545997,-1.414244,-1.526534,-1.358252,-2.317324,-1.199037,-1.266083,-1.178348,-1.237775,-1.181316,-2.149218,-1.470655,-1.479413,-1.434779,-1.436027,-1.484783,-2.666887
HIGH,Low,-1.228477,-1.033916,-1.112086,-0.980719,-1.899502,-2.128644,-1.088093,-0.990876,-1.113262,-1.194273,-1.711572,-2.29149,-1.331295,-1.370576,-1.461301,-1.294874,-1.661435,-2.366852,-1.147876,-1.14589,-1.323904,-1.247925,-1.296949,-2.239331,-1.097256,-1.136909,-1.184777,-1.17352,-1.171782,-2.109429,-1.194186,-1.189415,-1.38704,-1.314233,-1.386205,-2.636424
HIGH,Low,-1.472727,-1.401714,-1.103464,-1.311355,-1.831892,-2.213411,-1.114985,-1.018713,-1.320189,-1.182289,-1.589882,-2.259057,-1.442423,-1.407063,-1.146925,-1.335707,-1.537026,-2.354433,-1.634962,-1.529146,-1.299893,-1.517845,-1.341696,-2.307976,-1.350362,-1.331653,-1.18922,-1.312303,-1.209901,-2.154771,-1.486292,-1.395195,-1.182702,-1.39015,-1.339959,-2.644494
HIGH,Low,-1.969244,-1.970817,-1.969471,-1.971501,-1.967814,-1.989646,-1.961903,-1.966382,-1.955818,-1.971579,-1.940379,-2.047162,-1.826413,-1.855292,-1.833583,-1.855175,-1.758733,-1.881958,-1.330082,-1.179199,-1.269206,-0.98491,-0.937011,-1.6171,-1.30031,-1.31574,-1.246862,-1.03719,-1.064382,-1.883012,-1.383365,-1.216031,-1.329676,-1.102359,-1.152292,-2.535416
HIGH,Low,-1.550384,-1.243069,-1.442738,-1.484933,-1.970047,-2.257243,-1.335604,-1.114469,-1.180282,-1.407948,-1.554738,-2.31649,-1.551645,-1.222305,-1.674419,-1.545102,-1.658066,-2.407222,-1.62645,-1.358263,-1.612997,-1.501656,-1.158712,-1.95358,-1.513222,-1.330689,-1.457552,-1.409442,-1.179753,-2.129934,-1.572673,-1.278425,-1.62624,-1.550446,-1.374003,-2.645235
HIGH,High,-1.591796,-1.48543,-1.29188,-1.420805,-1.945992,-2.250736,-1.343477,-1.229777,-1.190712,-1.36622,-1.608429,-2.314412,-1.707158,-1.577905,-1.553695,-1.489021,-1.661468,-2.39663,-1.706863,-1.578769,-1.507792,-1.440313,-1.17374,-1.994547,-1.472683,-1.542694,-1.286778,-1.316136,-1.191141,-2.145122,-1.696079,-1.551232,-1.558676,-1.554952,-1.433432,-2.665187
HIGH,High,-1.599826,-1.47227,-1.260648,-1.372793,-1.98318,-2.254391,-1.327415,-1.21161,-1.165551,-1.353512,-1.649148,-2.331891,-1.502518,-1.501196,-1.519754,-1.393675,-1.689806,-2.411559,-1.842299,-1.788241,-1.515061,-1.421986,-1.141576,-1.978392,-1.284192,-1.476389,-1.229331,-1.259479,-1.184831,-2.14071,-1.508388,-1.429693,-1.427285,-1.399755,-1.440513,-2.667536
HIGH,High,-0.911629,-0.688612,-1.289157,-1.380576,-1.973244,-2.299866,-0.98935,-0.812429,-1.081812,-1.231323,-1.60195,-2.297335,-0.905775,-0.69406,-1.345772,-1.391179,-1.719814,-2.389683,-0.951251,-0.716852,-1.300334,-1.441414,-1.302768,-1.741625,-0.996788,-0.828103,-1.159227,-1.230083,-1.146772,-1.866642,-0.994935,-0.756219,-1.304603,-1.354273,-1.406492,-2.656175
HIGH,High,-1.407032,-1.221431,-1.661615,-1.443582,-2.045758,-2.404759,-1.150705,-1.033961,-1.181263,-1.268708,-1.687662,-2.377751,-1.469087,-1.307376,-1.699062,-1.415938,-1.812788,-2.491311,-1.220469,-1.088687,-1.561284,-1.470107,-1.381987,-1.98309,-1.20801,-1.165598,-1.293527,-1.263328,-1.210759,-1.948701,-1.426494,-1.317502,-1.567299,-1.392246,-1.345342,-2.264023
HIGH,High,-1.747049,-1.734402,-1.657298,-1.671797,-2.110815,-2.413521,-1.182439,-1.080606,-1.101969,-1.372788,-1.510629,-2.45205,-1.58327,-1.510274,-1.632717,-1.599403,-1.799369,-2.486472,-1.736988,-1.725733,-1.711118,-1.811777,-1.633201,-2.015074,-1.351704,-1.355811,-1.257328,-1.346504,-1.217771,-1.954215,-1.714322,-1.669655,-1.649367,-1.637841,-1.546989,-2.2657
HIGH,High,-1.57728,-1.629823,-1.508977,-1.586213,-2.052091,-2.357587,-1.114724,-1.035261,-1.115589,-1.322133,-1.431398,-2.393434,-1.438965,-1.430402,-1.468225,-1.528182,-1.67596,-2.435634,-1.558011,-1.613825,-1.392047,-1.683386,-1.204363,-1.893279,-1.232332,-1.251062,-1.157468,-1.244568,-1.07957,-1.87862,-1.545838,-1.528518,-1.457417,-1.518882,-1.376163,-2.19141
HIGH,High,-1.401246,-1.384466,-1.361216,-1.321949,-2.023292,-2.272585,-1.020817,-0.942945,-1.019037,-1.175244,-1.303239,-2.236116,-1.355209,-1.359864,-1.328166,-1.348538,-1.299207,-1.345079,-1.405861,-1.376198,-1.397519,-1.427691,-1.35471,-1.669748,-1.18067,-1.191941,-1.172771,-1.186195,-1.157688,-1.169258,-1.437865,-1.413814,-1.414083,-1.387634,-1.368005,-1.928718
HIGH,High,-1.712854,-1.458937,-1.658658,-1.673004,-2.055176,-2.358294,-1.207855,-1.098224,-1.142116,-1.372272,-1.449231,-2.409291,-1.680308,-1.474569,-1.625012,-1.620676,-1.479512,-1.665097,-1.630168,-1.407666,-1.556878,-1.668349,-1.453154,-1.813692,-1.385863,-1.328002,-1.291641,-1.320583,-1.179044,-1.253695,-1.680671,-1.446478,-1.638337,-1.596279,-1.520906,-2.074624
HIGH,High,-1.882641,-1.591963,-1.813295,-1.764337,-2.08606,-2.398129,-1.223263,-1.067802,-1.222183,-1.375765,-1.553236,-2.444989,-1.810924,-1.625179,-1.74346,-1.641209,-1.576973,-1.693542,-1.860715,-1.654722,-1.794863,-1.828699,-1.676475,-1.944037,-1.414912,-1.330356,-1.367041,-1.276398,-1.241595,-1.26426,-1.995314,-1.828928,-2.004955,-1.698872,-1.837335,-2.330696
HIGH,High,-1.346821,-1.365989,-1.293705,-1.347364,-1.989158,-2.304224,-1.025262,-0.951033,-1.013737,-1.207159,-1.349389,-2.336904,-1.2786,-1.320726,-1.226955,-1.327632,-1.225954,-1.345985,-1.463606,-1.513095,-1.422581,-1.739076,-1.433127,-1.801638,-1.175172,-1.209445,-1.131483,-1.167669,-1.116775,-1.169324,-1.124131,-1.322786,-1.100904,-1.287561,-1.147688,-1.924459