"AY","semester","emplid_ID","GPA","CREDITS","DEGREE","SACQ_total","SACQ_PE","SACQ_IA","SACQ_A","SACQ_S","AMS_total","AMS_E","AMS_I","AMS_A","BSMS_G","BSMS_PE"
"2024","Fall","12057307",2.928,121,"BA",202,35,60,72,58,85,42,39,4,19,5
"2024","Fall","14243726",3.354,164,"BS",188,35,47,78,41,124,60,60,4,24,10
"2024","Fall","23262772",3.903,120,"BA",244,52,61,99,58,107,47,56,4,27,4
"2024","Fall","23490894",2.971,115,"BS",229,50,55,83,61,91,45,41,5,24,6
"2024","Fall","23629886",3.433,9,"BA",203,42,45,85,50,73,40,26,7,24,8
"2024","Fall","23719032",2.758,113,"BA",186,32,47,71,54,106,48,45,13,24,6
"2024","Fall","23760247",3.426,120,"BA",273,67,62,101,66,115,60,51,4,24,10
"2024","Fall","23790458",3.085,114,"BS",217,55,47,80,48,102,48,47,7,24,6
"2024","Fall","23805195",3.596,120,"BA",222,48,54,86,52,87,50,32,5,23,9
"2024","Fall","23911725",2.495,130,"BS",219,47,50,82,61,112,50,50,12,28,6
"2024","Fall","23944631",3.453,136,"BA/MA",239,46,56,97,57,107,58,45,4,25,8
"2024","Fall","23956988",2.664,120,"BA",203,42,54,77,48,103,57,42,4,24,6
"2024","Fall","23964685",2.663,122,"BA",223,62,46,83,47,104,56,44,4,23,10
"2024","Fall","23965625",3.533,120,"BS",148,35,32,64,29,102,48,41,13,29,9
"2024","Fall","23980174",3.302,120,"BA",190,40,43,72,58,104,44,45,15,27,6
"2024","Fall","24001409",3.038,126,"BS",192,43,46,70,49,107,48,47,12,26,7
"2024","Fall","24017889",3.34,122,"BS",160,37,36,50,50,99,52,35,12,24,6
"2024","Fall","24020747",2.3,72,"BA",191,52.5,45,62,48,85.5,37.5,33.5,14.5,21,3
"2024","Fall","24024695",3.54,31,"BE",186,50,44,65,43,91,43,40,8,26,8
"2024","Fall","24044589",3.228,121,"BS",213,47,49,86,49,101,58,39,4,23,6
"2024","Fall","24048156",3.52,93,"BS",250,50,62,104,56,107,51,52,4,24,10
"2024","Fall","24063308",3.497,58,"BA",204,45,58,76,48,99,53,41,5,24,9
"2024","Fall","24066764",3.533,75,"BA",182,32,47,73,46,92,43,37,12,24,7
"2024","Fall","24067690",3.731,105,"BA",189,32,43,79,50,103,58,40,5,23,5
"2024","Fall","24069284",2.932,129,"BA",181.5,36.5,44,67,47,59,32,14.5,12.5,27,6.5
"2024","Fall","24085978",3.385,30,"BA",190,37,52,69,51,130,60,58,12,26,5
"2024","Fall","24094908",3.585,84,"BA",230,47,57,88,65,92,45,38,9,28,6
"2024","Fall","24101371",3.11,47,"BS",163,33,44,55,48,102,52,43,7,22,9
"2024","Fall","24105167",3.398,175,"BA",176,38,41,64,47,102,46,46,10,25,8
"2024","Fall","24132676",3.647,121,"BA",189,36,49,72,47,114,52,44,18,27,9
"2024","Fall","24136789",3.128,92,"BS",197,38,42,68,64,94,40,40,14,29,7
"2024","Fall","24138816",4,122,"BA",238.5,49,54,92,66,126.5,60,58.5,8,23,8
"2024","Fall","24150303",3.639,133,"BA/MA",238,47,54,91,65,106,57,45,4,27,4
"2024","Fall","24152934",2.006,25,"BA",164,36,42,66,34,122,59,55,8,28,10
"2024","Fall","24154756",3.082,83,"BA",155,29,36,60,46,113,58,49,6,31,9
"2024","Fall","24166837",3.075,63,"BA",178,38,39,72,35,97,54,39,4,23,9
"2024","Fall","24174433",3.436,129,"BS",209,42,52,78,55,81,42,34,5,26,7
"2024","Fall","24177726",3.676,132,"BA",225,52,51,88.6666666666667,50,102.333333333333,59,39.3333333333333,4,23.3333333333333,9
"2024","Fall","24182097",2.679,115,"BA",216,46,49,73,63,81,36,36,9,30,4
"2024","Fall","24198084",3.316,123,"BS",204,41,52,74,58,88,42,32,14,24,4
"2024","Fall","24209825",3.876,131,"BS",202,34,50.5,90.5,46.5,116,56,56,4,20,8.5
"2024","Fall","24217733",3.217,111,"BA",180,44,46,74,33,86,44,25,17,22,7
"2024","Fall","24232303",3.46,64,"BE",212,44,51,78,60,119,56,50,13,24,9
"2024","Fall","24233464",2.84,90,"BA",257,56,67,97,65,109,55,49,5,26,8
"2024","Fall","24236087",3.488,109,"BA",196,53,44,61,46,74,41,17,16,23,8
"2024","Fall","24241184",3.099,128,"BS",221,51,59,69,70,83,38,33,12,26,7
"2024","Fall","24245577",4,12,"BA",219,38,56,92,54,108,59,45,4,24,8
"2024","Fall","24252310",3.422,60,"BE",218,55,51,70,64,78,36,37,5,24,6
"2024","Fall","24261005",2.3,30,"BS",214,37,59,82,59,121,60,56,5,24,8
"2024","Fall","24263511",1.25,45,"BA",252,56,65,92,67,99,50,41,8,24,4
"2024","Fall","24265992",3.5,121,"BS",222,50,50,85,56,96,56,35,5,23,8
"2024","Fall","24270973",2.667,58,"BA",184,45,38,71,46,106,50,40,16,29,9
"2024","Fall","24271455",2.327,65,"BE",200,37,42,73,65,90,39,39,12,29,7
"2024","Fall","24272672",3.122,59,"BA",145,29,36,55,43,113,56,41,16,25,6
"2024","Fall","24274812",3.141,99,"BE",161,48,29,63,32,85,36,37,12,24,8
"2024","Fall","24275387",2.996,120,"BA",213,50,52,81,47,91,50,36,5,28,5
"2024","Fall","24276873",3.104,87,"BA",215,46,51,77,61,103,47,41,15,26,7
"2024","Fall","24283815",3.048,104,"BA",268,63,59,97,72,83,41,38,4,28,7
"2024","Fall","24284425",3.189,69,"BS",283,59,66,111,74,54,18,16,20,25,10
"2024","Fall","24292524",3.348,70,"BA",222,49,51,81,62,104,52,42,10,25,8
"2024","Fall","24292545",3.423,157,"BS",176,26,42,74,46,70,43,23,4,21,8
"2024","Fall","24293510",4,136,"BA",215,37,55,87,55,113,60,49,4,23,10
"2024","Fall","24293614",2.307,106,"BA",272,61,65,96,77,98,51,43,4,26,6
"2024","Fall","24297026",3.92,134,"BS",200,35.3333333333333,43.6666666666667,83,53.3333333333333,116.666666666667,59.3333333333333,53.3333333333333,4,24.6666666666667,8.66666666666667
"2024","Fall","24304758",3.4,126,"BA",226,52,41,87,59,88,46,38,4,35,5
"2024","Fall","24305488",2.433,79,"BA",217,46,57,79,58,95,48,43,4,23,10
"2024","Fall","24306434",3.685,124,"BS",216,35,58,82,67,101,60,37,4,21,8
"2024","Fall","24307591",3.874,126,"BE",185,48,36,71,43,116,58,44,14,26,7
"2024","Fall","24307826",3.651,99,"BA",218,55,47,79,52,83,35,42,6,23,7
"2024","Fall","24314225",3.825,24,"BA",180,32,43,66,57,98,49,38,11,24,2
"2024","Fall","24314307",2.96,30,"BA",256,68,57,92,63,103,53,46,4,26,7
"2024","Fall","24315404",4,120,"BS",199,38,45,77,48,52,36,12,4,17,9
"2024","Fall","24318339",2.645,49,"BA",218,49,59,78,55,105,60,41,4,20,9
"2024","Fall","24318397",3.107,74,"BS",197,46,39,76,52,79,38,30,11,24,6
"2024","Fall","24318406",2.789,66,"BA",199,45,46,76,47,92,47,37,8,24,8
"2024","Fall","24318443",4,12,"BS",166.5,39.5,35.5,63.5,44.5,121,57.5,52.5,11,26,8
"2024","Fall","24318954",3.645,64,"BE",194,43,41,73.5,55.5,88.5,36.5,40,12,26,7
"2024","Fall","24326473",3.716,81,"BA",183,37,44,76,40,109,54,51,4,26,8
"2024","Fall","24326920",3.472,116,"BA",209,38,56,77,59,118,54,55,9,28,2
"2024","Fall","24327283",3.553,106,"BA",190,32,45,74,55,102,49,43,10,24,6
"2024","Fall","24332562",2.884,70,"BA",141,21,40,56,38,111,55,45,11,27,8
"2024","Fall","24333258",2.727,95,"BA",166,31,35,67,45,107,52,43,12,23,7
"2024","Fall","24334822",3.433,100,"BA",208,44,46,78,58,47,22,12,13,23,9
"2024","Fall","24339573",3.249,123,"BS",219,50,50,73,65,96,50,39,7,28,10
"2024","Fall","24342565",2.523,63,"AAS",168,41,39,60,43,84,49,23,12,23,6
"2024","Fall","24342656",3.711,69,"BA",163,36,34,59,45,84,45,28,11,24,8
"2024","Fall","24347040",3.01,30,"BE",191,36,54,72,48,115,59,52,4,28,6
"2024","Fall","24352349",3.204,93,"BS",185,35,45,71,51,102,50,39,13,28,7
"2024","Fall","24359092",3.396,58,"BS",221,53,53,83,48,88,45,39,4,23,10
"2024","Fall","24360417",4,68,"BA",221,48,42,99,48,117,60,53,4,25,10
"2024","Fall","24361692",3.44,69,"BE",213,42,51,78,66,94,49,39,6,25,8
"2024","Fall","24361967",3.92,72,"BE",258,49,62,104,66,97,48,45,4,23,9
"2024","Fall","24365015",3.593,66,"BE",224,57,55,78,56,78,45,29,4,25,8
"2024","Fall","24365498",3.233,68,"BA",180,36,41,70,47,123,57,55,11,27,7
"2024","Fall","24368264",2.925,61,"BFA",310,68,70,116,86,124,60,58,6,34,10
"2024","Fall","24369232",3.716,55,"BA",208,44,47,81,54,115,60,51,4,24,10
"2024","Fall","24373663",3.666,63,"BA",259,51,59,97,76,119,57,58,4,20,9
"2024","Fall","24375857",3.586,72,"BE",202,57,48,70,48,84,36,36,12,16,4
"2024","Fall","24382503",2.075,35,"BE",196,34,50,65,70,114,57,50,7,25,10
"2024","Fall","24383512",3.838,66,"BE",216,52,55,83,44,96,57,34,5,29,10
"2024","Fall","24384637",2.9,42,"BE",170,48,29,57,51,103,48,37,18,25,9
"2024","Fall","24387825",2.877,67,"BA",188,47,45,70,44,97,55,38,4,21,9
"2024","Fall","24392792",3.528,39,"BA",168,30,36,73,43,96,42,41,13,23,10
"2024","Fall","24392944",3.364,70,"BA",262,64,60,93,69,121,60,57,4,25,10
"2024","Fall","24393532",2.837,64,"BA",257,67,53,93,67,123,59,60,4,24,10
"2024","Fall","24396125",2.432,42,"BA",195,34,42,85,50,108,54,46,8,26,9
"2024","Fall","24397357",3.494,85,"BA",277,69,53,107,72,103,56,43,4,30,7
"2024","Fall","24398459",3.35,33,"BA",264,43,64,106,76,104,51,46,7,28,8
"2024","Fall","24400981",3.553,61,"BE",215,54,50,75,58,65,41,20,4,24,10
"2024","Fall","24409348",1.808,46,"BA",251,70,62,75,69,52,33,15,4,25,5
"2024","Fall","24409962",3.763,65,"BA",204,54,34,87,39,110,57,49,4,23,7
"2024","Fall","24413374",3.862,95,"BS",279.5,61.5,68,99,81,120,58.5,57.5,4,21.5,7
"2024","Fall","24417041",3.008,67,"BS",236,58,60,81,60,140,60,60,20,25,9
"2024","Fall","24417277",2.857,72,"BSED",245,55,58.6666666666667,85.3333333333333,68.3333333333333,109.333333333333,52.6666666666667,50.6666666666667,6,26.3333333333333,7
"2024","Fall","24420262",3.016,31,"BA",190,19,54,79,56,120,58,55,7,33,10
"2024","Fall","24423697",3.225,56,"BA",192,36,49,72,51,118,54,52,12,26,8
"2024","Fall","24426331",2.337,51,"BS",159,40,34,55,41,87,55,27,5,23,10
"2024","Fall","24427446",3.285,66,"BS",201,35.5,49,82.5,52,110.5,55.5,50.5,4.5,28,9
"2024","Fall","24427677",3.315,89,"BA",183,37,42,75,44,76,49,23,4,27,8
"2024","Fall","24427737",3.5,48,"BA",201,40,45,81,52,107,55,46,6,26,6
"2024","Fall","24430656",2.975,56,"BE",229,43,60,84,67,134,58,60,16,24,8
"2024","Fall","24432912",3.552,52,"BS",223,44,51,98,48,90,49,37,4,21,8
"2024","Fall","24432917",3.475,66,"BSED",217,43,49,89,54,107,52,47,8,26,7
"2024","Fall","24433407",0,3,"BS",192,42,36,79,46,88,52,28,8,25,8
"2024","Fall","24434574",3.112,85,"BFA",212,40,60,69,69,119,56,53,10,28,8
"2024","Fall","24445449",3.004,66,"BS",261,49,62,103,70,124,59,56,9,28,7
"2024","Fall","24446668",3.13,74,"BE",182,39,36,71,49,95,42,42,11,35,8
"2024","Fall","24446693",2.222,50,"BS",191.5,32.5,44,73.5,57,138,60,60,18,34,10
"2024","Fall","24448169",2.91,53,"BS",233,63,46,95,41,102,47,50,5,23,4
"2024","Fall","24448240",3.964,55,"BA",215,37,49,92,57,92,46,39,7,27,8
"2024","Fall","24448912",1.614,29,"BA",278,69,47,107,73,120,56,60,4,37,2
"2024","Fall","24450059",2.619,60,"AA",210,42,42,81,67,100,44,40,16,30,8
"2024","Fall","24471701",3.976,67,"BA",238,33,61,95,76,116,55,55,6,31,8
"2024","Fall","24477003",3.337,61,"BS",208,44,49,86,45,97,54,39,4,27,10
"2024","Fall","24480567",3.453,120,"BA",224,39,53,92,57,105,58,43,4,21,9
"2024","Fall","24488502",3.223,66,"BE",239,54,55,89,63,100,56,36,8,25,8
"2024","Fall","24488733",3.251,58,"BA",228,52,56,78,68,105,54,46,5,24,7
"2024","Fall","24492143",3.628,64,"BA",235,49,54,95,56,136,60,60,16,26,9
"2024","Fall","24493726",3.3,48,"BA",215,54,50,73,63,85,36,36,13,24,8
"2024","Fall","24504058",3.47,62,"BA",204,43,45,75,58,105,51,50,4,26,8
"2024","Fall","24507185",3.077,27,"BS",201,35.5,48,76.5,59,114,57,49,8,25,10
"2024","Fall","24508229",3.75,15,"BA",164,23,44,67,44,103,54,45,4,21,8
"2024","Fall","24512263",3.111,63,"BS",246,61,55,92,60,113,55,54,4,26,7
"2024","Fall","24512572",1.333,3,"BS",169,31,37,71,51,106,52,46,8,27,10
"2024","Fall","24518972",3.608,59,"BE",258,65,59,106,47,63,44,15,4,24,5
"2024","Fall","24519800",3.625,54,"BA",254,52,64,93,69,104,51,49,4,32,6
"2024","Fall","24521327",3.732,25,"BA",203.5,51,43,71,58.5,105,47,46,12,25.5,9
"2024","Fall","24521723",3.577,68,"BA",213,40,53,88,52,101,44,47,10,25,8
"2024","Fall","24522682",3.416,75,"BA",193,37,58,58,64,119,60,55,4,22,4
"2024","Fall","24523009",3.087,54,"BA",186,37,46,76,44,110,60,44,6,24,10
"2024","Fall","24523112",2.655,68,"BE",185,33,45,73,51,100,48,38,14,23,8
"2024","Fall","24523409",2.777,51,"BE",209,45,45,79,60,76,26,35,15,28,7
"2024","Fall","24525200",3.633,60,"BS",253,56,64,96,63,108,51,53,4,12,5
"2024","Fall","24525234",3.912,54,"BA",205,47,52,70,53,92,49,30,13,26,9
"2024","Fall","24525664",3.916,62,"BA",193,42,49,71,48,84,45,30,9,26,8
"2024","Fall","24525823",3.925,43,"BA",195,50,30,78,48,116,59,50,7,26,8
"2024","Fall","24526118",3.175,21,"BA",156,45,32,56,37,58,31,15,12,26,4
"2024","Fall","24526947",2.177,40,"BA",172,32,42,69,50,92,52,31,9,25,9
"2024","Fall","24527401",3.581,58,"BA",261,45,63,106,72,73,36,33,4,26,6
"2024","Fall","24527412",3.75,58,"BSED",137,48,22,50,26,82,32,37,13,22,7
"2024","Fall","24528066",3.677,68,"BS",200,47,43,71,51,132,60,55,17,25,10
"2024","Fall","24529122",2.65,55,"BE",228,50,50.5,85,66.5,45.5,12.5,13,20,21,8.5
"2024","Fall","24529998",3.416,72,"BM",226,58,45,94,43,90,41,45,4,24,5
"2024","Fall","24532176",3.461,91,"BS",229,50,47,95,54,118,57,57,4,26,8
"2024","Fall","24533361",1.822,30,"BS",224,56,60,69,63,101,59,38,4,27,5
"2024","Fall","24534752",2.488,34,"BE",179,36,42,68,48,113,60,49,4,29,10
"2024","Fall","24535497",3.455,51,"BA",212,51,36,96,41,109,50,49,10,26,10
"2024","Fall","24536105",3.107,52,"BA",174,33,45,74,37,106,54,40,12,25,10
"2024","Fall","24536411",3.928,58,"BA",199,36,46,78,56,106,60,42,4,26,8
"2024","Fall","24536705",3.282,57,"BS",244,56,54,88,66,88,52,31,5,25,8
"2024","Fall","24537381",2.51,40,"BE",194,36,50,74,53,101,49,48,4,25,3
"2024","Fall","24539514",3.757,63,"BS",253,59,58,90,72,109,55,50,4,25,10
"2024","Fall","24541251",3.461,60,"BA",202,53,38,69,57,111,49,43,19,32,8
"2024","Fall","24542217",2.96,39,"BA",217,42,46,93,50,88,36,48,4,28,6
"2024","Fall","24543300",3.362,63,"BA",187,46,35,78,40,109,54,46,9,26,8
"2024","Fall","24544204",3.593,61,"BS",247,55,58,90,67,103,57,42,4,25,7
"2024","Fall","24544666",3.79,62,"BA",209,36,52,89,57,118,60,54,4,26,6
"2024","Fall","24545381",3.761,97,"BS",216.5,37,58,79,65,100.5,48.5,48,4,23,5.5
"2024","Fall","24546524",2.477,37,"BA",230,49,57,83,61,119,60,51,8,24,8
"2024","Fall","24547139",3.8,48,"BA",187,36,50,69,52,84,56,24,4,20,5
"2024","Fall","24547201",2.566,33,"BS",219,54,48,86,51,112,54,53,5,23,8
"2024","Fall","24547711",3.614,21,"BE",216,47,53,87,50,106,54,47,5,28,4
"2024","Fall","24548862",3.588,52,"BARCH",174,34,49,69,37,98,47,45,6,26,6
"2024","Fall","24549338",4,55,"BBA",215,46,56,87,49,116,60,52,4,19,6
"2024","Fall","24549699",3.537,51,"BS",208,40,49,82,50,90,59,27,4,23,3
"2024","Fall","24550481",3.342,43,"BE",231,58,49,82,57,84,41,35,8,28,10
"2024","Fall","24550553",2.333,15,"BA",196,47,47,73,46,90,43,38,9,24,6
"2024","Fall","24550867",3.422,61,"BA",195,47,41,77,44,107,58,45,4,29,6
"2024","Fall","24551041",3.477,65,"BA",208,42,48,83,50,116,55,57,4,20,8
"2024","Fall","24552966",3.185,49,"BS",191,35,48,67,59,106,59,37,10,26,7
"2024","Fall","24553273",2.366,59,"BE",154,36,36,56,40,73,40,20,13,25,5
"2024","Fall","24553700",3.833,18,"BA",200,40,50,76,56,86,37,37,12,24,6
"2024","Fall","24554083",3.61,30,"BA",241,57,53,94,62,88,51,30,7,24,6
"2024","Fall","24556270",3.037,42,"BA",186,22,56,80,47,111,57,50,4,26,8
"2024","Fall","24558267",3.822,40,"BE",199.5,46,44,77.5,49,106.5,55,39.5,12,24.5,9
"2024","Fall","24561549",3.45,56,"BA",206,37,62,66,66,113,59,49,5,26,8
"2024","Fall","24564409",3.075,60,"BE",201.5,45,46,79,46,105,53,43,9,25.5,8
"2024","Fall","24567190",3.9,82,"BS",267,57,66,97,75,117,59,54,4,33,4
"2024","Fall","24569864",3.45,80,"BS",183,37,46,79,34,94,51,39,4,24,5
"2024","Fall","24570918",2.716,18,"BA",134,26,30,51,43,114,60,38,16,24,6
"2024","Fall","24570974",3.966,52,"BS",170,32,44,75,33,123,59,60,4,22,8
"2024","Fall","24572491",1.925,16,"BA",231,47,49,103,49,115,52,58,5,26,8
"2024","Fall","24576289",3.55,114,"BS",198,29,42,97,40,124,59,60,5,26,10
"2024","Fall","24577040",3.283,18,"BS",203,54,40,76,45,124,60,60,4,20,10
"2024","Fall","24578700",4,63,"BS",242.5,50.5,59,94.5,61.5,101.5,50.5,47,4,20,7.5
"2024","Fall","24582166",3.572,66,"BE",232,45,58,85,64,103,59,40,4,26,10
"2024","Fall","24585479",3.451,46,"BE",253,57,59,95,67,107,55,44,8,28,9
"2024","Fall","24586060",4,96,"BA",268,56,62,109,67,96,50,42,4,25,10
"2024","Fall","24586170",1.716,24,"BA",175,38,44,67,41,100,51,39,10,24,6
"2024","Fall","24589933",2.975,45,"BA",185,40,41,68,52,92,40,40,12,24,6
"2024","Fall","24590664",2.888,45,"BA",243,52,55,89,67,119,53,51,15,28,6
"2024","Fall","24591274",3.364,89,"BS",253,62,58,94,61,95,50,41,4,25,8
"2024","Fall","24592340",3.711,57,"BS",238,51.5,57,91.5,57,103,57,41,5,23.5,6.5
"2024","Fall","24592462",3.625,58,"BE",175,41,44,66,38,92,47,38,7,22,8
"2024","Fall","24594837",3.492,71,"BS",207,42,43,89,50,100,56,39,5,28,8
"2024","Fall","24595349",2.12,33,"BA",192,51,49,70,37,105,56,39,10,25,7
"2024","Fall","24595566",2.758,35,"BE",198,57,39,65,55,84,37,33,14,25,9
"2024","Fall","24599794",3.042,55,"BS",221,40,60,84,60,85,45,36,4,25,8
"2024","Fall","24602017",2.444,41,"BE",153,32,41,42,59,62,18,32,12,25,4
"2024","Fall","24603173",3.675,12,"BA",262,52,58,110,66,96,43,49,4,21,6
"2024","Fall","24604218",2.7,48,"BA",189,45,42,65,55,84,36,36,12,24,6
"2024","Fall","24605226",3.958,76,"BS",223,52,46,78,66,87,48,32,7,24,10
"2024","Fall","24616159",3.376,65,"BS",210,46,47,77,59,81,35,37,9,23,8
"2024","Fall","24619857",3.533,70,"BA",226,48,61,73,73,92,48,40,4,24,6
"2024","Fall","24620851",3.454,57,"BA",206.333333333333,46,50.3333333333333,84.3333333333333,42,126.666666666667,60,60,6.66666666666667,23.6666666666667,9.33333333333333
"2024","Fall","24625313",3.381,101,"BA",265,62,57,112,53,106,50,52,4,31,8
"2024","Spring","13010232",3.5,24,"MPA",197,30,53,78,56,104,55,45,4,26,8
"2024","Spring","14095746",2.879,98,"BS",280,63,67,110,68,112,56,52,4,28,10
"2024","Spring","14096885",3.842,30,"MPA",269,52,60,108,73,119,58,55,6,24,10
"2024","Spring","15209800",3.95,156,"BA",176,35,39,74,43,102,50,39,13,26,8
"2024","Spring","15267133",3.575,30,"MPA",188,23,47,77,63,112,48,48,16,33,9
"2024","Spring","15304902",3.868,124,"BA",257,61,63,95,63,77,25,32,20,24,2
"2024","Spring","16046772",2.523,120,"BS",245,61,49,94,58,121,58,59,4,24,10
"2024","Spring","16048143",3.792,125,"BA/MA",282,61,62,105,78,117,59,54,4,22,7
"2024","Spring","16119360",2.974,123,"BA",281,59,67,100,83,127,60,60,7,26,8
"2024","Spring","23051044",3.292,139,"BA",210,47,52,81,46,112,55,53,4,22,9
"2024","Spring","23058599",3.577,30,"MA",233,55,52,85,62,115,54,50,11,25,6
"2024","Spring","23141159",2.191,129,"BS",148,26,43,61,29,71,32,31,8,26,8
"2024","Spring","23164108",2.34,127,"BA",240,49,56,96,61,116,54,56,6,23,8
"2024","Spring","23199507",3.457,30,"MPA",241,45,64,88,72,98,52,42,4,21,6
"2024","Spring","23239329",3.085,120,"BA",310,71,67,120,79,116,60,52,4,24,10
"2024","Spring","23259244",3.188,159,"BA/MA",256,45,62,102,70,117,60,53,4,22,10
"2024","Spring","23407957",2.639,122,"BA",203,32,58,80,54,71,45,22,4,22,7
"2024","Spring","23501452",2.59,148,"BS",225,35,54,103,53,80,39,31,10,30,10
"2024","Spring","23519810",3.61,130,"BA/MA",191,32,56,66,58,99,42,44,13,22,7
"2024","Spring","23542338",2.981,120,"BA",189,37,44,73,51,76,32,36,8,22,10
"2024","Spring","23589849",3.031,120,"BA",150,36,34,53,34,120,55,60,5,23,8
"2024","Spring","23601928",2.344,121,"BA",212,42,57,65,71,100,52,43,5,21,10
"2024","Spring","23638291",3.152,111,"BA",272,53,61,115,64,113,49,60,4,24,9
"2024","Spring","23644150",3.203,186,"BS",170,32,40,61,52,105,51,43,11,24,6
"2024","Spring","23659691",3.24,120,"BA",201,54,40,67,54,98,44,43,11,26,10
"2024","Spring","23659703",2.847,123,"BS",229,59,52,77,61,104,49,47,8,24,8
"2024","Spring","23720336",3.229,136,"BS",231,59,52,80,59,99,46,44,9,24,8
"2024","Spring","23727433",3.572,24,"MPA",261,42,65,103,79,119,60,55,4,21,10
"2024","Spring","23740788",2.96,159.5,"BS",221,45,51,82,64,122,59,53,10,26,8
"2024","Spring","23742524",3.533,12,"CUNY Permit",196,42,41,76,50,87,45,30,12,28,7
"2024","Spring","23749620",2.459,125,"BA",216,50,67,67,66,109,55,48,6,28,6
"2024","Spring","23789014",3.112,119,"BA",233,59,55,75,66,109,55,50,4,24,10
"2024","Spring","23812213",3.918,120,"BA",257,46,63,112,60,120,57,59,4,28,9
"2024","Spring","23835284",3.835,117,"BA",228,48,55,93,51,118,59,50,9,23,9
"2024","Spring","23838765",3.834,122,"BS",177,37,46,61,51,85,37,38,10,24,6
"2024","Spring","23844633",3.828,130,"BA",191,32,48,83,42,120,60,56,4,26,9
"2024","Spring","23845445",3.789,131,"BA/MA",286,62,64,113,72,113,54,55,4,24,10
"2024","Spring","23860181",3.188,120,"BA",229,39,60,80,76,108,50,46,12,27,7
"2024","Spring","23862456",3.408,124,"BA",180,36,45,67,51,102,53,40,9,25,10
"2024","Spring","23872268",3.576,123,"BA/MA",195,41,46,77,47,120,59,52,9,24,8
"2024","Spring","23875531",3.657,130,"BA/MA",243,49,57,92,64,89,42,42,5,19,6
"2024","Spring","23901652",3.11,145,"BA/MA",206,36,48,89,48,84,36,36,12,25,5
"2024","Spring","23906511",3.401,120,"BS",197,39,44,73,59,89,36,40,13,27,8
"2024","Spring","23911077",3.434,128,"BA",204,43,53,74,53,103,59,40,4,25,8
"2024","Spring","23917200",3.264,120,"BS",202,42,45,75,60,77,31,38,8,19,5
"2024","Spring","23918172",3.563,138,"BA/MA",186,38,43,66,57,89,39,38,12,23,6
"2024","Spring","23918902",3.81,30,"MS",256,39,63,102,75,116,52,60,4,24,10
"2024","Spring","23920333",3.568,120,"BA",242,57,58,90,59,100,53,39,8,25,7
"2024","Spring","23923644",2.539,33,"BA",213,46,47,82,55,105,55,45,5,25,9
"2024","Spring","23923788",3.679,120,"BA",207,29,64,72,71,108,58,39,11,21,8
"2024","Spring","23930826",2.107,115,"BA",169,33,47,61,46,98,45,38,15,21,8
"2024","Spring","23936292",3.344,127,"BS",275,60,62,105,74,113,60,49,4,28,10
"2024","Spring","23943536",3.113,120,"BA",199,35,54,71,61,110,55,48,7,27,9
"2024","Spring","23944631",3.453,136,"BA/MA",222,42,52,88,58,122,60,57,5,27,8
"2024","Spring","23954109",2.425,94,"BA",197,25,63,64,76,122,60,53,9,25,9
"2024","Spring","23956707",2.803,123,"BS",178,32,49,65,47,97,55,34,8,25,7
"2024","Spring","23956823",3.821,130,"BA/MA",279,61,69,101,77,111,56,51,4,24,10
"2024","Spring","23959728",3.216,124,"BA",201,36,51,67,65,106,58,44,4,27,10
"2024","Spring","23961355",3.781,124,"BA",154,35,33,63,35,110,59,39,12,23,8
"2024","Spring","23966914",3.818,146,"BS",258,56,62,105,59,104,50,50,4,22,9
"2024","Spring","23967011",3.987,123,"BS",202,47,46,69,60,106,56,43,7,32,10
"2024","Spring","23979182",2.085,60,"BA",161,29,38,65,46,113,49,45,19,25,5
"2024","Spring","23980693",3.267,120,"BS",236,45,62,73,82,109,54,48,7,25,8
"2024","Spring","23990732",3.274,129,"BA/MA",252,43,67,91,79,130,60,58,12,23,8
"2024","Spring","23992708",3.405,131,"BS",209,40,55,72,66,104,52,43,9,23,8
"2024","Spring","23995113",3.271,124,"BA",247,44,65,94,72,93,45,43,5,24,5
"2024","Spring","23998101",3.402,130,"BA/MA",238,49,62,78,72,104,55,43,6,23,7
"2024","Spring","23998986",2.935,121,"BS",197,41,45,75,50,96,50,37,9,21,7
"2024","Spring","24007183",3.931,130,"BA/MA",208,31,52,86,58,114,60,47,7,25,9
"2024","Spring","24010924",3.648,120,"BA",173,36,38,68,45,123,59,52,12,20,5
"2024","Spring","24012097",3.863,131,"BA",194,44,45,71,52,84,36,36,12,24,6
"2024","Spring","24012694",3.576,132,"BA/MA",269,57,63,101,72,97,48,45,4,24,5
"2024","Spring","24015870",3.212,120,"BA",248,52,59,95,62,99,53,42,4,17,6
"2024","Spring","24019431",3.793,120,"BA",196,29,55,66,68,106,56,42,8,26,10
"2024","Spring","24019656",3.614,132,"BA/MA",173,36,43,58,50,104,54,39,11,24,5
"2024","Spring","24022899",3.278,138,"BS",185,31,48,70,57,112,56,45,11,25,8
"2024","Spring","24023890",3.551,130,"BA/MA",230,54,54,93,48,119,57,58,4,28,9
"2024","Spring","24029323",2.833,122,"BA",272,69,59,99,69,109,58,47,4,22,10
"2024","Spring","24030905",3.478,120,"BA",214,49,52,79,54,74,42,24,8,30,8
"2024","Spring","24032150",3.828,125,"BA",181,18,51,75,55,118,58,55,5,32,5
"2024","Spring","24035117",3.079,120,"BA",163,33,35,65,40,107,52,40,15,29,7
"2024","Spring","24035141",3.951,120,"BA",287,70,62,109,68,116,56,54,6,21,8
"2024","Spring","24036436",3.891,122,"BS",214,44,56,80,58,87,41,36,10,22,6
"2024","Spring","24038137",3.885,123,"BA",251,56,55,92,68,91,49,36,6,25,8
"2024","Spring","24038946",3.035,123,"BS",262,59,62,93,73,112,58,50,4,28,10
"2024","Spring","24040291",3.226,122,"BA",150,26,45,60,43,120,60,45,15,25,7
"2024","Spring","24041175",3.56,84,"BA",197,45,43,74,49,134,60,60,14,24,8
"2024","Spring","24042459",3.637,121,"BA",240,37,57,101,68,116,52,60,4,22,10
"2024","Spring","24042890",3.605,130,"BA/MA",195,22,55,93,44,124,60,60,4,24,10
"2024","Spring","24050595",3.57,120,"BA",220,48,49,87,56,117,58,55,4,22,10
"2024","Spring","24051319",3.984,167,"BA/MA",239,44,54,92,67,108,53,51,4,25,10
"2024","Spring","24055457",3.668,127,"BS",236,65,47,82,57,44,22,13,9,26,6
"2024","Spring","24057006",3.229,104,"BA",187,51,39,66,50,94,41,39,14,35,4
"2024","Spring","24058480",3.723,168,"BA",255,49,62,91,76,119,58,57,4,26,9
"2024","Spring","24058754",3.977,130,"BA/MA",256,48,60,93,77,123,59,60,4,26,8
"2024","Spring","24061877",2.238,83,"BA",197,43,52,72,49,119,54,49,16,26,9
"2024","Spring","24062359",3.85,6,"MA",247,52,63,90,69,112,55,52,5,25,8
"2024","Spring","24063308",3.497,58,"BA",187,27,57,66,60,101,56,40,5,25,10
"2024","Spring","24064219",3.665,129,"BS",269,59,55,107,64,108,56,48,4,31,9
"2024","Spring","24064678",3.461,139,"BS",249,54,52,98,62,113,55,54,4,25,8
"2024","Spring","24069127",3.502,125,"BS",172.5,45,43,63,37.5,73.5,46.5,20,7,25,6.5
"2024","Spring","24071327",3.176,121,"BA",163,40,32,64,39.5,87,41.5,33.5,12,27,8.5
"2024","Spring","24072781",3.293,123,"BS",165,42,40,51,43,91,48,29,14,23,8
"2024","Spring","24073704",3.897,120,"BA",230,53,56,88,50,79,41,34,4,18,5
"2024","Spring","24083173",2.759,123,"BA",147,27,40,60,39,84,36,36,12,25,3
"2024","Spring","24084829",1.741,124,"BS",215,51,46,77,62,107,48,50,9,27,8
"2024","Spring","24088873",3.014,122,"BA",244,43,61,97,65,103,59,38,6,34,10
"2024","Spring","24089732",2.54,41,"BA",154,34,34,63,30,110,58,46,6,24,10
"2024","Spring","24094904",1.915,108,"BA",189,42,42,70,50,93,41,40,12,25,6
"2024","Spring","24099058",3.232,154,"BA",143,30,40,50,42,84,38,32,14,23,9
"2024","Spring","24105167",3.398,175,"BA",173,36,41,63,51,94,44,39,11,26,8
"2024","Spring","24105404",3.879,133,"BA/MA",256,47,58,104,65,112,58,50,4,24,10
"2024","Spring","24107204",2.627,86,"BA",198,49,45,70,55,104,48,48,8,23,5
"2024","Spring","24108184",3.6,95,"BA",190,31,52,80,41,112,59,49,4,24,9
"2024","Spring","24108405",3.747,122,"BS",208,43,49,80,56,89,40,38,11,25,6
"2024","Spring","24108457",3.418,122,"BA",199,43,41,80,46,96,47,41,8,24,6
"2024","Spring","24108844",3.4,49,"BA",172,41,36,68,42,95,55,33,7,26,8
"2024","Spring","24108859",2.568,86,"BA",189,29,54,73,56,85,44,37,4,26,7
"2024","Spring","24113217",2.237,97,"BA",177,37,40,67,51,103,50,46,7,28,8
"2024","Spring","24114405",3.212,120,"BS",223,39,52,89,62,103,55,44,4,25,7
"2024","Spring","24114914",3.814,138,"BA/MA",183,35,39,80,35,98,49,42,7,26,8
"2024","Spring","24127957",3.101,141,"BS",221,31,64,86,67,119,58,57,4,23,9
"2024","Spring","24130332",3.412,122,"BA",164,24,37,73,38,105,52,43,10,30,10
"2024","Spring","24130631",3.606,134,"BA/MA",206,39,53,74,60,95,50,37,8,24,7
"2024","Spring","24130675",3.713,130,"BA/MA",249,44,59,107,60,115,57,53,5,21,8
"2024","Spring","24133341",3.696,156,"BA",179,28,43,70,58,117,53,51,13,24,8
"2024","Spring","24133342",2.923,114,"BARCH",228,42,58,84,68,130,54,57,19,40,10
"2024","Spring","24134066",3.657,168,"BS",166,26,34,67,48,91,51,29,11,24,5
"2024","Spring","24134106",3.173,121,"BS",153,22,40,60,51,113,55,45,13,24,8
"2024","Spring","24134112",3.606,101,"BA",195,34,49,79,50,109,56,46,7,27,5
"2024","Spring","24134711",3.31,122,"BA",230,55,48,85,63,80,34,35,11,33,8
"2024","Spring","24135624",3.803,109,"BA",178,37,40,73,44,108,50,47,11,29,7
"2024","Spring","24135785",4,116,"BA",221,29,62,81,74,110,46,53,11,17,7
"2024","Spring","24136888",3.83,135,"BA/MA",276,58,61,104,74,124,60,60,4,24,10
"2024","Spring","24137296",3.762,103,"BA",241,66,51,83,62,108,56,45,7,27,8
"2024","Spring","24137719",3.154,98,"BA",196,27,49,88,46,117,55,58,4,22,9
"2024","Spring","24138816",4,122,"BA",235,43,55,93,66,118,60,53,5,26,10
"2024","Spring","24145758",2.238,64,"BA",229,50,58,83,68,77,37,33,7,22,7
"2024","Spring","24149952",2.51,127,"BA",211,41,52,79,56,123,54,51,18,30,7
"2024","Spring","24151021",3.88,174,"BE",197,43,45.5,76.5,49.5,77.5,41.5,28,8,25,8
"2024","Spring","24154597",3.695,119,"BS",136,22,43,47,43,100,53,34,13,24,8
"2024","Spring","24155283",3.014,121,"BA",197,41,45,77,51,104,51,40,13,25,7
"2024","Spring","24155343",3.984,122,"BS",222,47,54,91,50,94,44,45,5,27,8
"2024","Spring","24155392",2.39,43,"BA",200,51,45,70,55,104,46,44,14,29,7
"2024","Spring","24159173",3.667,122,"BA",210,46,52,80,54,104,56,42,6,23,9
"2024","Spring","24159783",3.75,121,"BA",192,33,51,71,52,119,60,54,5,23,9
"2024","Spring","24159994",3.076,126,"BA/MA",171,34,43,60,53,63,26,26,11,22,6
"2024","Spring","24161789",3.741,127,"BA/MA",241.5,40,58.5,95,70,121,58,57.5,5.5,24,6
"2024","Spring","24162846",2.8,121,"BS",232,50,51,85,66,123,59,48,16,29,6
"2024","Spring","24163541",3.324,122,"BA",216,37,47,83,71,106,48,45,13,24,9
"2024","Spring","24164226",3.684,121,"BA",206,43,49,78,52,102,60,38,4,25,6
"2024","Spring","24164421",3.05,109,"BS",143,35,35,49,42,111,55,46,10,27,7
"2024","Spring","24165838",2.132,61,"BS",182,40,41,65,55,86,38,36,12,8,2
"2024","Spring","24165920",2.772,99,"BA",148,23,38,55,44,115,53,46,16,26,10
"2024","Spring","24167922",3.327,122,"BA",232,54,50,84,64,106,56,42,8,27,9
"2024","Spring","24169031",2.345,108,"BA",183,39,47,67,47,108,54,43,11,23,7
"2024","Spring","24171577",3.908,130,"BA/MA",205,47,53,69,57,85,45,28,12,24,7
"2024","Spring","24172138",2.708,44,"BA",197,27,55,86,50,112,60,48,4,31,3
"2024","Spring","24172651",3.806,130,"BA/MA",255,57,55,99,64,112,50,58,4,24,4
"2024","Spring","24172707",2.562,117,"BA",234,48,57,79,80,109,55,50,4,28,10
"2024","Spring","24177677",3.809,130,"BA/MA",292,64,65,113,75,108,53,51,4,24,5
"2024","Spring","24177950",2.256,106,"BA",159,39,34,60,39,102,47,43,12,22,6
"2024","Spring","24180078",3.774,115,"BA/MA",227,48,54,80,63,106,57,45,4,25,7
"2024","Spring","24181888",3.271,100,"BA",250,55,61,102,56,113,59,50,4,22,7
"2024","Spring","24181965",2.798,96,"BA",263,66,61,92,68,86,40,36,10,24,6
"2024","Spring","24184079",3.536,120,"BA",206,47,56,75,55,108,52,42,14,29,10
"2024","Spring","24184730",3.846,121,"BA",239,38,67,88,76,106,48,54,4,21,6
"2024","Spring","24185849",2.897,83,"BA",152,23,45,62,44,106,46,52,8,22,8
"2024","Spring","24187800",2.773,147,"BA",193,36,51,63,65,83,37,36,10,27,6
"2024","Spring","24190506",3.403,120,"BA",249,57,54,96,61,102,49,47,6,24,7
"2024","Spring","24190528",3.224,119,"BSED",152,33,30,65,34,121,60,52,9,27,9
"2024","Spring","24190789",2.715,134,"BS",138,20,37,51,43,122,59,56,7,26,10
"2024","Spring","24192963",2.241,121,"BA",236,39,63,85,76,97,40,46,11,21,5
"2024","Spring","24193446",2.907,105,"BSED",223,46,56,85,57,87,53,30,4,21,8
"2024","Spring","24195835",2.583,120,"BA",200,34,60,68,65,119,58,56,5,24,6
"2024","Spring","24195841",3.33,125,"BA",221,38,50,97,55,117,56,47,14,32,5
"2024","Spring","24197548",3.276,120,"BS",230,53,48,93,54,123,59,60,4,22,6
"2024","Spring","24198814",3.572,131,"BS",254,51,61,94,72,116,59,50,7,27,7
"2024","Spring","24199104",2.582,118,"BA",202,35,56,65,70,106,53,45,8,29,9
"2024","Spring","24203891",3.503,52,"BA",223,57,39,87,55,111,55,52,4,17,8
"2024","Spring","24204144",3.838,121,"BA",216,41,46,92,52,113,56,47,10,28,8
"2024","Spring","24206442",2.847,116,"BA",144.5,20.5,33,71.5,33.5,134.5,60,56.5,18,24.5,10
"2024","Spring","24206447",3.346,126,"BA/MA",165,38,36,66,37,124,59,60,5,25,10
"2024","Spring","24206724",3.151,121,"BA",169,36,48,60,43,93,44,36,13,19,6
"2024","Spring","24211957",3.89,120,"BA",235,49,58,87,60,120,60,56,4,27,10
"2024","Spring","24212435",3.75,120,"BA",230,58,53,67,71,105,45,56,4,22,8
"2024","Spring","24214990",2.25,78,"BA",199,60,36,68,45,100,46,42,12,23,9
"2024","Spring","24219923",3.485,135,"BA/MA",199,40,49,78,47,106,59,43,4,25,7
"2024","Spring","24220575",3.272,121,"BA",173,34,41,64,48,86,51,28,7,25,8
"2024","Spring","24221670",0.25,3,"BA",169,35,42,70,36,111,60,47,4,27,9
"2024","Spring","24222336",3.535,114,"BS",222,51,42,84,64,84,36,36,12,24,6
"2024","Spring","24229148",3.574,102,"BA",224,47,52,99,40,117,55,56,6,23,8
"2024","Spring","24236462",3.136,97,"BARCH",201,43,64,66,56,111,60,47,4,25,10
"2024","Spring","24243440",3.635,111,"BS",195,39.5,44.5,71,60,92.5,40,39.5,13,27,6.5
"2024","Spring","24246043",3.488,51,"BA",183,47,34,75,41,100,55,32,13,31,7
"2024","Spring","24247760",3.2,100,"BS",229,46,56,84,63,111,59,48,4,23,10
"2024","Spring","24251712",3.369,51,"BS",220,48,51,85,54,108,60,44,4,25,9
"2024","Spring","24254148",3.068,126,"BA",164,26,42,67,39,122,60,45,17,23,8
"2024","Spring","24264044",3.6,30,"BE",194,43,37,77,52,129,55,56,18,30,8
"2024","Spring","24265336",4,143,"BA/MA",238,54,51,93,61,95,46,42,7,25,8
"2024","Spring","24266217",2.633,68,"BA",198,38,51,76,57,93,46,39,8,25,6
"2024","Spring","24266743",3.248,100,"BS",220,35,58,74,75,77,39,34,4,23,7
"2024","Spring","24266856",3.794,116,"BA",238,54,51,91,63,119,59,51,9,27,6
"2024","Spring","24271217",3.783,120,"BA",211,38,59,90,45,105,56,45,4,25,9
"2024","Spring","24271463",3.651,111,"BA/MA",216,50,53,78,54,99,46,46,7,24,7
"2024","Spring","24273264",3.867,128,"BA/MA",216,47,45,92,39,101,43,53,5,25,6
"2024","Spring","24273715",2.847,125,"BS",251,54,59,98,66,103,50,44,9,25,7
"2024","Spring","24275502",3.961,120,"BS",195,45,42,72,54,84,36,36,12,24,6
"2024","Spring","24275553",3.526,120,"BA",207,46,46,78,52,91,52,32,7,21,8
"2024","Spring","24276405",3.562,121,"BA",222,43,55,83,59,119,57,58,4,24,6
"2024","Spring","24277251",2.286,78,"BA",189,21,48,92,47,89,41,44,4,34,9
"2024","Spring","24277702",3.118,87,"BSED",160,28,38,66,41,117,59,47,11,23,8
"2024","Spring","24278937",3.811,98,"BA/MA",190,40,48,76,37,101,45,50,6,27,7
"2024","Spring","24279766",2.986,121,"BS",228,37,56,87,66,89,40,36,13,33,2
"2024","Spring","24281007",2.7,27,"BA",222,45,53,87,59,98,49,44,5,29,8
"2024","Spring","24281158",3.696,124,"BA",234,45,54,95,60,116,60,52,4,22,10
"2024","Spring","24281314",3.028,50,"BE",152,34,35,53,45,116,56,46,14,31,10
"2024","Spring","24282098",3.686,114,"BA",155,27,45,61,38,98,47,35,16,20,7
"2024","Spring","24283581",2.871,119,"BA",204,40,46,83,56,125,56,56,13,29,8
"2024","Spring","24285071",3.116,117,"BA",187,46,39,67,48,116,55,51,10,31,10
"2024","Spring","24285294",3.141,60,"BA",225,60,43,85,54,98,56,37,5,28,8
"2024","Spring","24286544",3.652,118,"BA",239,43,61,88,73,105,50,47,8,22,8
"2024","Spring","24286973",2.908,82,"BA",226,41,67,72,78,83,43,32,8,21,3
"2024","Spring","24288804",1.67,24,"BA",108,19,29,42,31,70,36,14,20,32,2
"2024","Spring","24291559",3.349,120,"BA",202,42,54,79,45,110,58,44,8,24,9
"2024","Spring","24292149",2.971,107,"BA",134,35.6666666666667,34.6666666666667,41,32.6666666666667,103,50,34,19,26,9.33333333333333
"2024","Spring","24292381",2.039,92,"BA",178,25,46,70,51,99,44,43,12,29,10
"2024","Spring","24295335",2.519,86,"BA",255,47,67,99,70,105,49,49,7,26,9
"2024","Spring","24295783",3.068,62,"BE",214,46,47,83,56,108,59,41,8,28,10
"2024","Spring","24298202",3.324,97,"BA",235,68,50,81,53,113,58,51,4,24,5
"2024","Spring","24298822",3.455,148,"BS",156,42,37,56,38,91,47,35,9,26,7
"2024","Spring","24298919",3.748,124,"BA",232,39,56,89,71,98,28,57,13,14,2
"2024","Spring","24299450",2.965,104,"BA",143,46,37,37,38,67,26,23,18,22,5
"2024","Spring","24300077",3.788,124,"BA",235,52,52,94,55,99,45,42,12,25,8
"2024","Spring","24300915",3.278,73,"BA",227,52,54,79,63,96,45,39,12,24,7
"2024","Spring","24301517",3.702,98,"BA/MA",192,35,53,70,56,94,46,41,7,25,6
"2024","Spring","24302939",3.06,15,"BA",201,54,52,62,58,76,31,32,13,18,4
"2024","Spring","24303494",3.487,71,"BFA",231,63,54,81,53,113,49,48,16,30,9
"2024","Spring","24305488",2.433,79,"BA",221,50,60,79,55,120,56,60,4,30,9
"2024","Spring","24306891",2.623,48,"BA",200,39,48,75,58,122,59,59,4,25,10
"2024","Spring","24307886",3.925,24,"BE",149.5,33,31,61.5,33.5,90,40,36,14,24.5,5.5
"2024","Spring","24308217",3.903,143,"BS",200,30,46,86,52,87,41,36,10,29,6
"2024","Spring","24311671",1,6,"BS",215,43,57,82,53,117,56,55,6,25,6
"2024","Spring","24312944",3.47,90,"BA",175,43,35,75,32,84,41,37,6,27,7
"2024","Spring","24315296",3.915,116,"BA/MA",238,44,60,87,71,104,50,49,5,20,8
"2024","Spring","24316215",3.176,111,"BA",266,66,69,87,75,113,55,54,4,24,10
"2024","Spring","24316982",2.25,9,"BA",235,41,62,98,60,110,57,49,4,21,9
"2024","Spring","24317597",3.566,104,"BA",164,33,44,62,41,91,43,38,10,24,8
"2024","Spring","24323049",2.069,42,"BA",213,54,43,79,58,84,36,36,12,24,6
"2024","Spring","24324608",2.235,64,"BE",219,43,54,81,63,93,47,41,5,23,9
"2024","Spring","24327300",2.611,63,"BA",188,43,47,71,46,92,44,40,8,27,8
"2024","Spring","24328550",3.765,108,"BS",204,40,49,80,55,99,52,40,7,21,8
"2024","Spring","24329530",2.597,94,"BA",157,22,42,59,53,105,50,44,11,26,8
"2024","Spring","24330289",4,137,"BS",175,36,44,68,45,112,54,48,10,27,8
"2024","Spring","24331243",3.509,96,"BBA",208,47,44,79,53,108,57,47,4,26,7
"2024","Spring","24339096",1.77,21,"BA",143,21,36,60,38,125,60,53,12,32,9
"2024","Spring","24346245",3.363,122,"BA",188,45,45,65,50,89,40,39,10,22,6
"2024","Spring","24346643",3.308,81,"BE",209,53,46,71,56,96,47,40,9,24,7
"2024","Spring","24349007",2.33,86,"BA",172,39,38,64,45,110,55,46,9,24,7
"2024","Spring","24354092",3.381,84,"BA",183,49,43,53,58,88,40,32,16,22,6
"2024","Spring","24355014",3.764,118,"BA",236,60,51,89,57,108,56,46,6,22,9
"2024","Spring","24366640",3.319,71,"BA",166,35,49,58,44,101,53,36,12,23,9
"2024","Spring","24368493",2.866,94,"BS",275,67,68,89,79,116,60,52,4,24,10
"2024","Spring","24368622",3.825,95,"BA/MA",214,37,55,97,42,120,59,57,4,28,8
"2024","Spring","24370091",1.892,47,"BA",183,49,45,60,46,97,46,38,13,22,7
"2024","Spring","24378063",3.593,80,"BA",225,44,50,95,51,103,51,48,4,24,6
"2024","Spring","24385355",3.928,118,"BA",200,41,54,69,53,93,48,39,6,19,7
"2024","Spring","24393206",2.972,81,"BA",255,52,64,93,71,118,58,56,4,25,6
"2024","Spring","24397982",2.54,51,"BA",236,67,59,67,66,93,45,36,12,28,5
"2024","Spring","24399006",1.616,15,"BA",157,26,45,55,51,100,54,39,7,26,10
"2024","Spring","24400980",3.37,38,"BA",170,41,30,69,39,107,53,45,9,26,10
"2024","Spring","24402127",3.047,68,"BS",155,37,41,54,39,76,29,31,16,24,4
"2024","Spring","24402780",2.537,21,"BE",136,39,26,50,32,89,46,28,15,28,7
"2024","Spring","24403000",3.508,92,"BA",260,65,59,100,57,89,47,38,4,22,8
"2024","Spring","24403632",1.754,39,"BS",230,46,52,89,65,97,43,44,10,32,7
"2024","Spring","24405762",3.366,57,"BA",245,51,55,96,64,91,48,37,6,26,4
"2024","Spring","24406217",3.025,68,"BA",183,32,48,77,43,113,54,55,4,24,7
"2024","Spring","24406279",2.71,96,"BA",110,21,26,43,30,100,51,38,11,26,8
"2024","Spring","24407159",3.628,74,"BA",257,61,60,95,64,102,54,44,4,22,5
"2024","Spring","24408079",3.484,89,"BA/MA",249,57,66,83,70,95,50,41,4,23,7
"2024","Spring","24413806",2.478,75,"BA",240,60,62,78,64,84,48,30,6,22,10
"2024","Spring","24414230",3.675,12,"BA",224,58,46,84,58,76,39,28,9,23,10
"2024","Spring","24415107",3.616,105,"BA/MA",216,42,57,82,55,115,58,53,4,26,10
"2024","Spring","24416173",3.639,141,"BS",254,54,58,95,68,82,43,33,6,16,10
"2024","Spring","24419686",1.97,65,"BA",163,18,59,55,59,103,54,38,11,25,2
"2024","Spring","24420074",1.846,33,"BA",251,65,63,78,73,95,42,44,9,24,6
"2024","Spring","24421928",2.729,72,"BSED",177,37,49,50,62,84,36,36,12,22,9
"2024","Spring","24423705",2.815,82,"BA",197,36,48,75,56,89,39,39,11,24,6
"2024","Spring","24426307",3.107,87,"BS",269,56.6666666666667,65.6666666666667,109,65.3333333333333,119.666666666667,59,56.6666666666667,4,24,10
"2024","Spring","24426363",2.71,83,"BA",232,66,55,70,63,91,44,36,11,25,7
"2024","Spring","24427836",3.902,74,"BA",184,35,46,68,55,112,48,48,16,28,8
"2024","Spring","24431043",3.166,18,"BA",246,49,60,90,71,108,50,53,5,25,10
"2024","Spring","24431649",3.324,84,"BS",252,63,60,89,62,118,59,55,4,27,6
"2024","Spring","24433008",3.089,77,"BS",215,49,61,70,61,116,60,50,6,24,5
"2024","Spring","24434830",3.2,54,"BA",164,41,29,54,55,66,26,26,14,24,6
"2024","Spring","24434919",2.721,51,"BBA",224,46,56,70,75,103,50,43,10,28,10
"2024","Spring","24435256",3.304,69,"BS",202,50,42,75,54,86,39,37,10,24,6
"2024","Spring","24435809",2.511,27,"BA",214,53,41,76,66,67,36,12,19,22,6
"2024","Spring","24439553",2.781,86,"BS",175,30,49,68,46,120,60,49,11,24,6
"2024","Spring","24439597",3.62,63,"BSED",193,38,43,78,51,94,46,38,10,23,9
"2024","Spring","24440214",3.717,98,"BS",184,33,41,78,45,106,53,45,8,23,7
"2024","Spring","24441996",3.517,134,"BS",279,69.5,63,102.5,68.5,103.5,58.5,41,4,24,7
"2024","Spring","24446696",3.909,63,"BS",232,49,43,89,67,90,44,42,4,20,7
"2024","Spring","24447983",2.67,51,"BA",210,52,53,73,52,88,39,37,12,25,6
"2024","Spring","24448828",2.246,52,"BS",211,47,50,79,53,102,51,47,4,23,9
"2024","Spring","24449366",3.764,42,"BS",211,46,47,82,58,111,55,48,8,24,9
"2024","Spring","24450488",3.185,95,"BA",229,55,56,81,59,99,49,41,9,26,7
"2024","Spring","24451466",3.877,103,"BM",283,49,72,110,84,80,30,46,4,20,5
"2024","Spring","24451799",3.31,30,"BE",184,44,46,64,46,93,43,35,15,21,7
"2024","Spring","24452008",2.825,36,"BA",249,68,52,92,60,98,46,42,10,24,6
"2024","Spring","24453023",3.49,50,"BA",235,69,53,79,55,96,47,44,5,31,8
"2024","Spring","24453927",2.884,65,"BA",167,33,41,59,52,93,47,34,12,24,8
"2024","Spring","24457443",2.87,51,"BA",121,24,31,50,29,79,56,19,4,20,7
"2024","Spring","24458868",3.126,92,"BA",173,49,41,52,45,61,34,13,14,27,5
"2024","Spring","24459989",3.796,62,"BA",221,60,48,80,47,80,43,28,9,23,7
"2024","Spring","24462447",3.59,78,"BARCH",220,48,52,83,56,101,54,43,4,26,9.5
"2024","Spring","24483752",3.552,87,"BA",134,17,38,59,32,97,53,39,5,31,8
"2024","Spring","24485127",3.803,124,"BA",244,56,56,101,51,83,45,33,5,25,8
"2024","Spring","24485361",2.09,43,"BA",221,48,57,85,53,48,28,14,6,15,4
"2024","Spring","24492127",3.669,45,"BA",253,63,63,88,67,93,44,45,4,24,8
"2024","Spring","24503132",3.351,37,"MA",121,23,28,51,28,104,42,50,12,24,6
"2024","Spring","24509397",2.882,43,"BS",205,27,57,86,55,122,60,56,6,29,10
"2024","Spring","24509531",3.98,88,"BS",218,48,54,78,62,96,48,43,5,25,8
"2024","Spring","24514062",3.05,18,"BA",222,47,50,90,58,108,51,53,4,26,9
"2024","Spring","24571979",3.365,39,"BA",180,37,44,77,34,93,50,38,5,17,9
"2024","Spring","24573905",3.95,36,"BA",262,58,54,106,69,123,59,60,4,24,5
"2024","Summer","23466128",3.333,99,"BS",214,35,57,88,56,121,60,57,4,24,8
"2024","Summer","23492929",3.7,93,"BS",230,43.5,52.5,95.5,59,85,46.5,32,6.5,21,10
"2024","Summer","23762347",3.155,121,"BA",289,65,64,101,86,107,56,46,5,26,9
"2024","Summer","24029739",3.298,125,"BA",218.5,44.5,55,84.5,53.5,121,56.5,60,4.5,24,8
"2024","Summer","24035127",3.274,121,"BS",255,62,64,89,67,88,40,44,4,22,10
"2024","Summer","24058221",3.981,120,"BS",186,39,43,73,43,113,55,54,4,30,10
"2024","Summer","24172407",2.617,124,"BS",178,28,36,74,53,140,60,60,20,40,10
"2024","Summer","24174284",3.233,122,"BA",219,42,56,89,52,101,52,45,4,27,7
"2024","Summer","24186614",3.415,121,"BS",215,45,45,69,73,59,40,15,4,18,5
"2024","Summer","24343964",3.877,122,"BA",232.5,54,56.5,91,52,111,54,47.5,9.5,23.5,7.5
"2025","Spring","23099789",2.468,161,"BS",253.5,63,62,98.5,60,84,36,36,12,20,6
"2025","Spring","24056568",3.651,116,"BSED",295,61,66,112,82,120,56,60,4,26,5
"2025","Spring","24219594",3.874,91,"BA",216,42,58,82,56,120,59,57,4,24,5
"2025","Spring","24228990",3.97,121,"BA",200,32,56,79,52,104,60,40,4,26,10
"2025","Spring","24246720",2.42,92,"BA",204,51,48,76,46,91,41,39,11,25,5
"2025","Spring","24282246",3.388,122,"BA",255,55,60,101,61,96,50,41,5,29,9
"2025","Spring","24365291",3.636,98,"BA",215,38,53,91,48,113,58,47,8,24,8
"2025","Spring","24369408",3.385,37,"BS",249,51,60,98,62,97,55,38,4,24,9
"2025","Spring","24393009",3.922,63,"BA",199,38,48,89,38,100,55,40,5,22,4
"2025","Spring","24396446",3.7,91,"BA",193,37,43,77,49,128,60,60,8,28,10
"2025","Spring","24398579",3.337,46,"BA",231,60,48,83,60,102,54,44,4,26,4
"2025","Spring","24448039",0.74,36,"BS",179,33,45,64,56,100,47,40,13,21,4
"2025","Spring","24530349",3.6,43,"BA",225.5,44.5,59.5,81,63.5,80,36.5,33.5,10,21.5,8
"2025","Spring","24535754",3.837,59,"BA",261,56,56,110,56,104,57,43,4,24,9
"2025","Spring","24564612",4,82,"BA",195,44,36,89,38,99,56,39,4,23,4
